2026-02-06 11:04:39 - watchfiles.main - DEBUG - 1 change detected: {(<Change.modified: 2>, '/Users/huawang/pyproject/openCowork/backend/core/agent_client.py')}
2026-02-06 11:04:44 - watchfiles.main - DEBUG - 7 changes detected: {(<Change.added: 1>, '/Users/huawang/pyproject/openCowork/backend/debug.log.3'), (<Change.deleted: 3>, '/Users/huawang/pyproject/openCowork/backend/debug.log.5'), (<Change.added: 1>, '/Users/huawang/pyproject/openCowork/backend/debug.log.2'), (<Change.added: 1>, '/Users/huawang/pyproject/openCowork/backend/debug.log.4'), (<Change.added: 1>, '/Users/huawang/pyproject/openCowork/backend/debug.log.5'), (<Change.added: 1>, '/Users/huawang/pyproject/openCowork/backend/debug.log.1'), (<Change.added: 1>, '/Users/huawang/pyproject/openCowork/backend/debug.log')}
2026-02-06 11:04:44 - root - INFO - Logging initialized. Log file: /Users/huawang/pyproject/openCowork/backend/debug.log
2026-02-06 11:04:44 - root - INFO - Logging initialized. Log file: /Users/huawang/pyproject/openCowork/backend/debug.log
2026-02-06 11:04:44 - root - INFO - [Lifespan] Startup begin (pid=7805)
2026-02-06 11:04:44 - root - INFO - [Lifespan] Restored workdir from current workspace: /Users/huawang/Documents/test2
2026-02-06 11:04:44 - root - INFO - [Lifespan] Default workspace: test2 (/Users/huawang/Documents/test2)
2026-02-06 11:04:44 - core.session_manager - INFO - [SessionManager] Started
2026-02-06 11:04:44 - core.task_runner - INFO - [TaskRunner] Restored session 716dce15-f486-49ac-af19-ac6b14694d57: status=completed, events=147
2026-02-06 11:04:44 - core.task_runner - INFO - [TaskRunner] Restored session 1af6c387-2942-4221-a3a7-aa6fa24d3d55: status=completed, events=212
2026-02-06 11:04:44 - core.task_runner - INFO - [TaskRunner] Restored session c6e25fc2-e941-47fb-91ac-57f271f78374: status=completed, events=860
2026-02-06 11:04:44 - core.task_runner - INFO - [TaskRunner] Restored session 9c272695-81c1-41b8-85d4-d34383f64a48: status=completed, events=732
2026-02-06 11:04:44 - core.task_runner - INFO - [TaskRunner] Restored session 312b4a00-120f-4c49-9a96-1994ddafe739: status=completed, events=273
2026-02-06 11:04:44 - core.task_runner - INFO - [TaskRunner] Restored session 5c2ae6db-a366-43d7-b863-8b5184e525c4: status=completed, events=560
2026-02-06 11:04:44 - core.task_runner - INFO - [TaskRunner] Restored session b2a4f438-9d54-4e9a-a73b-0f449944dd83: status=completed, events=425
2026-02-06 11:04:44 - core.task_runner - INFO - [TaskRunner] Restored session 0c77738a-58ae-4440-894f-486f570d60c8: status=completed, events=3
2026-02-06 11:04:44 - core.task_runner - INFO - [TaskRunner] Restored session 86989488-7d75-4cd9-bacd-12ed23416185: status=completed, events=89
2026-02-06 11:04:44 - core.task_runner - INFO - [TaskRunner] Restored session 0b9982bb-dfbc-4a04-9bf4-a4e3c8f470ed: status=completed, events=172
2026-02-06 11:04:44 - core.task_runner - INFO - [TaskRunner] Restored session c61b0e0f-b5a8-4af2-a322-fbc5b9c7c5b3: status=completed, events=62
2026-02-06 11:04:44 - core.task_runner - INFO - [TaskRunner] Restored session a9513398-c267-473c-a080-1ca164cd9ca8: status=completed, events=4
2026-02-06 11:04:44 - core.task_runner - INFO - [TaskRunner] Restored session 0b6e3a9b-ebd8-40b3-a097-fd4f4072ddf1: status=completed, events=112
2026-02-06 11:04:44 - core.task_runner - INFO - [TaskRunner] Restored session d1f0469b-26dc-4bb1-af72-fd9895a94dbe: status=completed, events=125
2026-02-06 11:04:44 - core.task_runner - INFO - [TaskRunner] Restored session 86d1d7df-eb3a-4397-9bb7-d8a0cb38b986: status=completed, events=78
2026-02-06 11:04:44 - core.task_runner - INFO - [TaskRunner] Restored session 8ed66b27-05d4-43c9-827d-5dda732a93d4: status=completed, events=30
2026-02-06 11:04:44 - core.task_runner - INFO - [TaskRunner] Restored session 0936fd3e-0f19-4f4c-bf03-1f823aa377fa: status=completed, events=509
2026-02-06 11:04:44 - core.task_runner - INFO - [TaskRunner] Restored session 8dc1792e-2d7c-4106-a98e-fd9e81f30d7c: status=completed, events=143
2026-02-06 11:04:44 - core.task_runner - INFO - [TaskRunner] Restored session 1f9ecb84-83cc-40da-a877-8877686c2074: status=completed, events=85
2026-02-06 11:04:44 - core.task_runner - INFO - [TaskRunner] Restored session eff0c989-11f3-45a7-a98d-6d546f437018: status=completed, events=218
2026-02-06 11:04:44 - core.task_runner - INFO - [TaskRunner] Restored session b0e97d1d-e240-4bae-8009-a099c4b9010f: status=completed, events=377
2026-02-06 11:04:44 - core.task_runner - INFO - [TaskRunner] Restored session 2654940e-2b78-4fba-a622-0c2cf9492f1f: status=completed, events=236
2026-02-06 11:04:44 - core.task_runner - INFO - [TaskRunner] Restored session e1a9542a-8926-449d-a196-6ffe518c347e: status=completed, events=670
2026-02-06 11:04:44 - core.task_runner - INFO - [TaskRunner] Restored session 3cb183f9-65bb-42b2-acbd-34520788f68a: status=completed, events=299
2026-02-06 11:04:44 - core.task_runner - INFO - [TaskRunner] Restored session 8ef74d57-656a-41f5-a546-edd834374ddf: status=completed, events=398
2026-02-06 11:04:44 - core.task_runner - INFO - [TaskRunner] Restored session 3c5a0b8c-4877-4475-a4cc-954d49737932: status=completed, events=1941
2026-02-06 11:04:44 - core.task_runner - INFO - [TaskRunner] Restored session 17dd4585-c8a2-4eda-80f5-ac8ac0a8df80: status=completed, events=316
2026-02-06 11:04:44 - core.task_runner - INFO - [TaskRunner] Restored session 8bf1ed4a-2802-421a-b1fb-c125d0b95c38: status=completed, events=273
2026-02-06 11:04:44 - core.task_runner - INFO - [TaskRunner] Restored session b594912c-b4ee-4723-ae42-9590ada6a058: status=completed, events=157
2026-02-06 11:04:44 - core.task_runner - INFO - [TaskRunner] Restored session 5bb189d6-5806-40b1-94ac-fb2271f0c454: status=completed, events=230
2026-02-06 11:04:44 - core.task_runner - INFO - [TaskRunner] Restored session 7aa235e8-e5b1-4557-8c68-505b41e83228: status=completed, events=305
2026-02-06 11:04:44 - core.task_runner - INFO - [TaskRunner] Restored session 90739bf8-b339-4837-a144-930058abcfdb: status=completed, events=17
2026-02-06 11:04:44 - core.task_runner - INFO - [TaskRunner] Restored session 98133982-856e-48d9-96db-5b563404d386: status=completed, events=867
2026-02-06 11:04:44 - core.task_runner - INFO - [TaskRunner] Restored session 26f034de-b85a-4723-929a-552fe0901d19: status=completed, events=560
2026-02-06 11:04:44 - core.task_runner - INFO - [TaskRunner] Restored session 41a2e50e-72ce-409c-aabe-7a50b9242ea4: status=completed, events=85
2026-02-06 11:04:44 - core.task_runner - INFO - [TaskRunner] Restored session 95321238-95f3-42d3-b788-647ccc6cb6bc: status=completed, events=251
2026-02-06 11:04:44 - core.task_runner - INFO - [TaskRunner] Restored session 66c2bdf2-759a-4b82-b9db-a00d55f12605: status=completed, events=158
2026-02-06 11:04:44 - core.task_runner - INFO - [TaskRunner] Restored session 28f8a8dd-ebd7-424f-8e09-3e19c33ffd66: status=completed, events=692
2026-02-06 11:04:44 - core.task_runner - INFO - [TaskRunner] Restored session 73dfdc40-6386-43ed-870e-695f0c24173d: status=completed, events=2164
2026-02-06 11:04:44 - core.task_runner - INFO - [TaskRunner] Restored session 8e82bfa6-0d91-4eec-b57d-cc7f5bec41e1: status=completed, events=3519
2026-02-06 11:04:44 - core.task_runner - INFO - [TaskRunner] Restored session 5ff4df37-08c6-4cfc-a7a9-6e00ae10993f: status=completed, events=77
2026-02-06 11:04:44 - core.task_runner - INFO - [TaskRunner] Restored session 131338eb-24e7-4c1b-8d16-dcb7c232fe00: status=completed, events=356
2026-02-06 11:04:44 - core.task_runner - INFO - [TaskRunner] Restored session 2bff425d-112c-4aea-a3dc-9f0944f5be55: status=completed, events=201
2026-02-06 11:04:44 - core.task_runner - INFO - [TaskRunner] Restored session 20eb5417-828d-4426-97a8-0274bcddf72a: status=completed, events=3674
2026-02-06 11:04:44 - core.task_runner - INFO - [TaskRunner] Restored session 88348b23-f704-4315-99db-5563933c7731: status=completed, events=60
2026-02-06 11:04:44 - core.task_runner - INFO - [TaskRunner] Restored session faa3096d-9cae-4eb8-896e-88bf4bf2fda0: status=completed, events=275
2026-02-06 11:04:44 - core.task_runner - INFO - [TaskRunner] Restored session 65afe51b-ab45-4a8b-881f-0368d8670f10: status=completed, events=314
2026-02-06 11:04:44 - core.task_runner - INFO - [TaskRunner] Restored session e028d465-4ddb-44c6-85ba-06bf97ae0adb: status=completed, events=228
2026-02-06 11:04:44 - core.task_runner - INFO - [TaskRunner] Restored session f5b3bb36-9399-4c33-b33c-d76380fa20ee: status=completed, events=343
2026-02-06 11:04:44 - core.task_runner - INFO - [TaskRunner] Restored session 21521b29-847f-4d9e-8cbf-2b58f013c381: status=completed, events=347
2026-02-06 11:04:44 - core.task_runner - INFO - [TaskRunner] Restored session a5c1f9ee-e3c2-4463-85ea-89bd35e63fe4: status=completed, events=467
2026-02-06 11:04:44 - core.task_runner - INFO - [TaskRunner] Restored session 394cfafc-487e-4fd7-81a4-c8be220afbdc: status=completed, events=339
2026-02-06 11:04:44 - core.task_runner - INFO - [TaskRunner] Restored session cc6e2747-4aca-44ed-ada0-c0116e47f527: status=completed, events=126
2026-02-06 11:04:44 - core.task_runner - INFO - [TaskRunner] Restored session 49166b71-6e58-4b00-a31b-27b7c8196333: status=completed, events=731
2026-02-06 11:04:44 - core.task_runner - INFO - [TaskRunner] Restored session a1cd559e-cc67-405b-90cc-c46eb3ff3574: status=completed, events=4005
2026-02-06 11:04:44 - core.task_runner - INFO - [TaskRunner] Restored session 7ec1f265-8d0c-4c3e-b243-79f9e93d6dc4: status=completed, events=49
2026-02-06 11:04:44 - core.task_runner - INFO - [TaskRunner] Restored session 02da5c03-2f63-4812-9a00-a5e119a865c1: status=completed, events=126
2026-02-06 11:04:44 - core.task_runner - INFO - [TaskRunner] Restored session 781c561d-5d4d-4648-adc4-e2d888c0cf76: status=completed, events=2
2026-02-06 11:04:44 - core.task_runner - INFO - [TaskRunner] Restored session 722ee637-2db2-440e-9310-d5dba398d734: status=completed, events=279
2026-02-06 11:04:44 - core.task_runner - INFO - [TaskRunner] Restored session fe6f7961-2739-4a52-bfb4-5ee313a27c60: status=completed, events=112
2026-02-06 11:04:44 - core.task_runner - INFO - [TaskRunner] Restored session c59d7fa1-f05b-4116-a5b6-2efb8c3b5234: status=error, events=394
2026-02-06 11:04:44 - core.task_runner - INFO - [TaskRunner] Restored session 1a0a6cf1-7bde-4751-aa67-29aa495a0634: status=error, events=58
2026-02-06 11:04:44 - core.task_runner - INFO - [TaskRunner] Restored session 5c97aca2-cbef-46e4-95b7-3b1f1d3efb58: status=completed, events=126
2026-02-06 11:04:44 - core.task_runner - INFO - [TaskRunner] Restored session 07b946b4-a9a3-4d23-9904-d3dc5f409d40: status=completed, events=82
2026-02-06 11:04:44 - core.task_runner - INFO - [TaskRunner] Restored session 33901f0b-391b-41e5-8956-de0b90409855: status=completed, events=204
2026-02-06 11:04:44 - core.task_runner - INFO - [TaskRunner] Restored session 833d3145-d732-4629-bb8c-75d581cdd98e: status=completed, events=449
2026-02-06 11:04:44 - core.task_runner - INFO - [TaskRunner] Restored session 1130c5f5-28d2-4dc1-90bd-7aec94c1a54f: status=completed, events=2497
2026-02-06 11:04:44 - core.task_runner - INFO - [TaskRunner] Restored session 432b9d75-8be8-4319-be55-0dd33fdf82b4: status=completed, events=154
2026-02-06 11:04:44 - core.task_runner - INFO - [TaskRunner] Restored session c0c3af23-549d-4d7d-94a6-e1ea68fa1806: status=completed, events=257
2026-02-06 11:04:44 - core.task_runner - INFO - [TaskRunner] Restored session 940976c5-f85c-499f-95f0-30fb7dba793d: status=completed, events=132
2026-02-06 11:04:44 - core.task_runner - INFO - [TaskRunner] Restored session 854f1657-743e-4e2a-9bd7-6854415fd288: status=completed, events=769
2026-02-06 11:04:44 - core.task_runner - INFO - [TaskRunner] Restored session 1357b5d4-59dd-415e-8c94-a24db84f075d: status=completed, events=91
2026-02-06 11:04:44 - core.task_runner - INFO - [TaskRunner] Restored session 0053953c-9305-4aef-8d6e-7a07bc60472d: status=completed, events=1252
2026-02-06 11:04:44 - core.task_runner - INFO - [TaskRunner] Restored session b51df46a-bcc9-45b0-a12c-fcb31c9dabad: status=completed, events=413
2026-02-06 11:04:44 - core.task_runner - INFO - [TaskRunner] Restored session 67e9314b-6076-46f5-8db0-cbb795e980b8: status=completed, events=49
2026-02-06 11:04:44 - core.task_runner - INFO - [TaskRunner] Restored session f5d3fa3e-6c22-4bc1-bea4-8cbb13be28a0: status=completed, events=415
2026-02-06 11:04:44 - core.task_runner - INFO - [TaskRunner] Restored session 5e7a61bc-01f0-4acb-855a-51c89d163054: status=completed, events=222
2026-02-06 11:04:44 - core.task_runner - INFO - [TaskRunner] Restored session f1927424-0b93-4f0d-af3e-9eae88195979: status=completed, events=884
2026-02-06 11:04:45 - core.task_runner - INFO - [TaskRunner] Restored session 8a267efd-02e6-4a4b-8b06-599d69939fa6: status=completed, events=592
2026-02-06 11:04:45 - core.task_runner - INFO - [TaskRunner] Restored session 4ed74d0c-0552-4d1b-be46-ec2b3daf9099: status=completed, events=94
2026-02-06 11:04:45 - core.task_runner - INFO - [TaskRunner] Restored session 17827519-d844-466e-a523-5bcb844c52cf: status=completed, events=66
2026-02-06 11:04:45 - core.task_runner - INFO - [TaskRunner] Restored session c61999aa-19e9-4579-904d-4708cc35b1f7: status=completed, events=3
2026-02-06 11:04:45 - core.task_runner - INFO - [TaskRunner] Restored session 8bb179cf-6d26-4829-ac60-cb6dc0b2a1a1: status=error, events=203
2026-02-06 11:04:45 - core.task_runner - INFO - [TaskRunner] Restored session e55cd424-0364-4f7f-8919-969a0c481b74: status=completed, events=6692
2026-02-06 11:04:45 - core.task_runner - INFO - [TaskRunner] Restored session f344e227-1836-4084-a826-caa9a77de59d: status=completed, events=396
2026-02-06 11:04:45 - core.task_runner - INFO - [TaskRunner] Restored session 9f162180-53fc-4334-8306-56e6e3ad7856: status=completed, events=168
2026-02-06 11:04:45 - core.task_runner - INFO - [TaskRunner] Restored session ff18f8ac-9ff8-49e3-87f2-a85520ebe446: status=completed, events=94
2026-02-06 11:04:45 - core.task_runner - INFO - [TaskRunner] Restored session a56fd3b3-caa5-46f3-8006-d35ef02f9ad4: status=completed, events=405
2026-02-06 11:04:45 - core.task_runner - INFO - [TaskRunner] Restored session 78535096-7d3e-4327-beb0-efd559e91ea3: status=completed, events=83
2026-02-06 11:04:45 - core.task_runner - INFO - [TaskRunner] Restored session ff71fecb-a7ca-4152-b899-17a3cf65600b: status=completed, events=963
2026-02-06 11:04:45 - core.task_runner - INFO - [TaskRunner] Restored session 820f8d0b-349e-4cfb-9b4e-ceab0e742312: status=completed, events=352
2026-02-06 11:04:45 - core.task_runner - INFO - [TaskRunner] Restored session 99761b8a-8ab7-4fde-a3d7-5961b4af134d: status=completed, events=259
2026-02-06 11:04:45 - core.task_runner - INFO - [TaskRunner] Restored session 0ecd3c91-50e2-491b-a776-01af40edcf1d: status=completed, events=50
2026-02-06 11:04:45 - core.task_runner - INFO - [TaskRunner] Restored session 826db88e-49bb-40a5-80e0-66607a1d9989: status=completed, events=83
2026-02-06 11:04:45 - core.task_runner - INFO - [TaskRunner] Restored session 97abfd0c-a5bb-409e-9aa0-1a5cbd06dd9f: status=completed, events=308
2026-02-06 11:04:45 - core.task_runner - INFO - [TaskRunner] Restored session 4ebf59ac-c4c1-4b38-a8ac-9dab038e339d: status=error, events=104
2026-02-06 11:04:45 - core.task_runner - INFO - [TaskRunner] Restored session 9f37991c-5f9d-4c1a-9e08-c16cfb916e04: status=completed, events=312
2026-02-06 11:04:45 - core.task_runner - INFO - [TaskRunner] Restored session 037989f8-09b9-4b93-973a-ddc6aa630b98: status=completed, events=433
2026-02-06 11:04:45 - core.task_runner - INFO - [TaskRunner] Restored session c99f7e25-f893-415d-98b7-14c78f7f720b: status=completed, events=13
2026-02-06 11:04:45 - core.task_runner - INFO - [TaskRunner] Restored session f3b016da-52da-4142-bad3-22abc19e7822: status=completed, events=470
2026-02-06 11:04:45 - core.task_runner - INFO - [TaskRunner] Restored session 3224ad4d-fe74-41f2-a9cc-c6ce4720db6a: status=completed, events=57
2026-02-06 11:04:45 - core.task_runner - INFO - [TaskRunner] Restored session 13204b1e-7470-4c15-a12b-5e62bbb14e3d: status=completed, events=517
2026-02-06 11:04:45 - core.task_runner - INFO - [TaskRunner] Restored session 4bc332f1-7c6c-4dc4-a094-0ed8c82acbd4: status=completed, events=164
2026-02-06 11:04:45 - core.task_runner - INFO - [TaskRunner] Restored session 6e46673d-6bed-438e-a7f5-87629c3c79a4: status=completed, events=246
2026-02-06 11:04:45 - core.task_runner - INFO - [TaskRunner] Restored session 762539e7-1007-4e23-b21a-81d83bf04aea: status=completed, events=96
2026-02-06 11:04:45 - core.task_runner - INFO - [TaskRunner] Restored session 644a0ce2-200d-4d4e-9bc1-eb184a6511f4: status=completed, events=273
2026-02-06 11:04:45 - core.task_runner - INFO - [TaskRunner] Restored session 85b1f3bf-654f-46e5-b51a-740a7f8bc44c: status=completed, events=1434
2026-02-06 11:04:45 - core.task_runner - INFO - [TaskRunner] Restored session 42821b89-0231-4382-a211-68fbab81fae4: status=completed, events=124
2026-02-06 11:04:45 - core.task_runner - INFO - [TaskRunner] Restored session 5fa1e84d-0394-48ed-bf81-fcfff8e9a7a1: status=completed, events=138
2026-02-06 11:04:45 - core.task_runner - INFO - [TaskRunner] Restored session 1c1db6b4-4b47-4e53-80b3-99b3ccac18da: status=completed, events=334
2026-02-06 11:04:45 - core.task_runner - INFO - [TaskRunner] Restored session 90ffaf7d-4d9e-4bb2-8acc-0c7de04f20b0: status=completed, events=295
2026-02-06 11:04:45 - core.task_runner - INFO - [TaskRunner] Restored session dbe1e97a-ba34-462c-bfde-ff5d4029d2d4: status=error, events=22
2026-02-06 11:04:45 - core.task_runner - INFO - [TaskRunner] Restored session e60e8c05-7f66-4895-9138-cb918d929ba1: status=completed, events=47
2026-02-06 11:04:45 - core.task_runner - INFO - [TaskRunner] Restored session 5f143956-9332-4967-a6e9-52ac80a7149e: status=completed, events=295
2026-02-06 11:04:45 - core.task_runner - INFO - [TaskRunner] Restored session 4edf470f-1520-46a7-a2a1-cfedcd05d0b5: status=completed, events=710
2026-02-06 11:04:45 - core.task_runner - INFO - [TaskRunner] Restored session ea4fcca6-7e98-4446-b802-4c80d9c893cf: status=completed, events=167
2026-02-06 11:04:45 - core.task_runner - INFO - [TaskRunner] Restored session d1c9bede-fb7a-4cda-99bb-189754f585be: status=completed, events=147
2026-02-06 11:04:45 - core.task_runner - INFO - [TaskRunner] Restored session 6caf36de-a34c-45a3-a15f-b23ff9812f24: status=completed, events=5976
2026-02-06 11:04:45 - core.task_runner - INFO - [TaskRunner] Restored session a3d48435-7f7b-43a5-ab30-df6ad896f2e4: status=completed, events=128
2026-02-06 11:04:45 - core.task_runner - INFO - [TaskRunner] Restored session d4376314-5463-4fc1-bb3a-e5ec7358ed31: status=completed, events=157
2026-02-06 11:04:45 - core.task_runner - INFO - [TaskRunner] Restored session db6bdd89-9afd-495f-873f-87dcc210144a: status=completed, events=526
2026-02-06 11:04:45 - core.task_runner - INFO - [TaskRunner] Restored session 38a9f549-74d4-40aa-8d2d-a245270891a3: status=completed, events=421
2026-02-06 11:04:45 - core.task_runner - INFO - [TaskRunner] Restored session 66dde5ff-ae1b-481e-afd8-a20e0530c5cc: status=completed, events=2897
2026-02-06 11:04:45 - core.task_runner - INFO - [TaskRunner] Restored session 6bcc3e45-c757-4cf9-8324-23bbad4b47da: status=completed, events=2569
2026-02-06 11:04:45 - core.task_runner - INFO - [TaskRunner] Restored session e2dc939f-841d-49c1-95b2-36d468c4621d: status=completed, events=315
2026-02-06 11:04:45 - core.task_runner - INFO - [TaskRunner] Restored session 8c5ae8e1-2926-425b-94e0-fec99b5e668b: status=completed, events=1605
2026-02-06 11:04:45 - core.task_runner - INFO - [TaskRunner] Restored session 89210ddc-93d2-41ab-bc99-4daefc2aae9a: status=completed, events=1076
2026-02-06 11:04:45 - core.task_runner - INFO - [TaskRunner] Restored session 4b5bf757-68fe-4615-a222-5c913982c392: status=completed, events=252
2026-02-06 11:04:45 - core.task_runner - INFO - [TaskRunner] Restored session d6e1d9ea-2136-43cc-9e8b-72a124f05468: status=completed, events=152
2026-02-06 11:04:45 - core.task_runner - INFO - [TaskRunner] Restored session b9941006-f152-48bc-b1ea-b552692b6510: status=completed, events=208
2026-02-06 11:04:45 - core.task_runner - INFO - [TaskRunner] Restored session 2a71e398-96df-4468-95e1-f71a7085fca9: status=completed, events=769
2026-02-06 11:04:45 - core.task_runner - INFO - [TaskRunner] Restored session 53468f0f-bc33-4434-80f8-af03ea0259e0: status=completed, events=317
2026-02-06 11:04:45 - core.task_runner - INFO - [TaskRunner] Restored session cd445be7-de98-4987-9c29-b97c3f126da6: status=completed, events=34
2026-02-06 11:04:45 - core.task_runner - INFO - [TaskRunner] Restored session d0517bf4-b371-4b73-8921-b4d79bf9d278: status=completed, events=1275
2026-02-06 11:04:45 - core.task_runner - INFO - [TaskRunner] Restored session 9d1c457a-ceb8-4b80-be16-4738a9a5e7ba: status=completed, events=556
2026-02-06 11:04:45 - core.task_runner - INFO - [TaskRunner] Restored session 6e450de8-ed75-4fcd-b825-7d56eed3f520: status=completed, events=104
2026-02-06 11:04:45 - core.task_runner - INFO - [TaskRunner] Restored session d43116d9-2653-4fbd-ab3d-d465c1966f7b: status=completed, events=725
2026-02-06 11:04:45 - core.task_runner - INFO - [TaskRunner] Restored session f70c3fe5-f695-40f7-a509-017b4b75b7d2: status=completed, events=1024
2026-02-06 11:04:45 - core.task_runner - INFO - [TaskRunner] Restored session f6deda7c-fa40-442e-9507-470159928d61: status=completed, events=409
2026-02-06 11:04:45 - core.task_runner - INFO - [TaskRunner] Restored session 87f0da04-0aa1-4b45-b1dc-d3ff725fb19e: status=completed, events=654
2026-02-06 11:04:45 - core.task_runner - INFO - [TaskRunner] Restored session 14184b8b-7d38-43a7-a9a4-c1ce2dd7be7d: status=completed, events=224
2026-02-06 11:04:45 - core.task_runner - INFO - [TaskRunner] Restored session 58199f1a-4257-4285-8a13-da937b6f57b3: status=completed, events=81
2026-02-06 11:04:45 - core.task_runner - INFO - [TaskRunner] Restored session f6ec1aaf-9fc3-4bc3-86ef-e58add110954: status=completed, events=8200
2026-02-06 11:04:45 - core.task_runner - INFO - [TaskRunner] Restored session e354032a-4007-43db-b814-5bfed61962d8: status=completed, events=390
2026-02-06 11:04:45 - core.task_runner - INFO - [TaskRunner] Restored session 9de4bbe6-7cac-4afd-a45f-13a60259ea40: status=completed, events=257
2026-02-06 11:04:45 - core.task_runner - INFO - [TaskRunner] Restored session 11baa65b-4d58-40c8-b142-5bf7d374faa9: status=completed, events=66
2026-02-06 11:04:45 - core.task_runner - INFO - [TaskRunner] Restored session 0dc1696a-d07e-4ac5-a3fd-e28c6c901b19: status=completed, events=69
2026-02-06 11:04:45 - core.task_runner - INFO - [TaskRunner] Restored session 5cd2cf0b-561e-482f-9380-c28007724dc2: status=error, events=2860
2026-02-06 11:04:45 - core.task_runner - INFO - [TaskRunner] Restored session fe39dd58-25e1-4e62-a609-eef79128a04f: status=completed, events=144
2026-02-06 11:04:45 - core.task_runner - INFO - [TaskRunner] Restored session ea90aeb4-1c4c-44e4-90c3-d50e2fa4bc69: status=completed, events=3
2026-02-06 11:04:45 - core.task_runner - INFO - [TaskRunner] Restored session e0213ecf-0e49-4658-95ce-f7c247d02426: status=completed, events=4
2026-02-06 11:04:45 - core.task_runner - INFO - [TaskRunner] Restored session 1aa2ca3c-864e-4d88-9f2b-b15ce1e60f6b: status=completed, events=151
2026-02-06 11:04:45 - core.task_runner - INFO - [TaskRunner] Restored session 91f36265-a249-4f55-aeb9-1fcc08acd6af: status=completed, events=251
2026-02-06 11:04:45 - core.task_runner - INFO - [TaskRunner] Restored session 5d49f6d2-e9d4-4081-bf6b-07e03f266c96: status=completed, events=30
2026-02-06 11:04:45 - core.task_runner - INFO - [TaskRunner] Restored session 3396e09d-0c5c-4166-92f9-202d50374baa: status=completed, events=234
2026-02-06 11:04:45 - core.task_runner - INFO - [TaskRunner] Restored session 4dc6d41d-47b2-449e-9208-eef74086e3ff: status=completed, events=400
2026-02-06 11:04:45 - core.task_runner - INFO - [TaskRunner] Restored session 38e6016b-9aae-42ec-858f-74bb1908f144: status=error, events=18
2026-02-06 11:04:45 - core.task_runner - INFO - [TaskRunner] Restored session 44bbed47-f9cc-4c09-9620-cc82a1823a9a: status=completed, events=87
2026-02-06 11:04:45 - core.task_runner - INFO - [TaskRunner] Restored session d9fef4ff-8550-40a1-b95e-d7b15ac776b3: status=completed, events=1820
2026-02-06 11:04:45 - core.task_runner - INFO - [TaskRunner] Restored session 8c7de42d-1898-4606-a2df-45f45a3a085d: status=completed, events=152
2026-02-06 11:04:45 - core.task_runner - INFO - [TaskRunner] Restored session 60c8699f-b435-487b-bb84-8b8b906e0a3e: status=completed, events=217
2026-02-06 11:04:45 - core.task_runner - INFO - [TaskRunner] Restored session e83eafa9-e398-4b76-9a55-c85d8ba4a3ae: status=completed, events=44
2026-02-06 11:04:45 - watchfiles.main - DEBUG - 1 change detected: {(<Change.added: 1>, '/Users/huawang/pyproject/openCowork/backend/debug.log')}
2026-02-06 11:04:45 - core.task_runner - INFO - [TaskRunner] Restored session 03c785dc-578e-47e7-ae1e-c21bd4818acc: status=completed, events=10606
2026-02-06 11:04:45 - core.task_runner - INFO - [TaskRunner] Restored session c2f3a125-b950-43c8-b8d6-d8c9933d04eb: status=completed, events=246
2026-02-06 11:04:45 - core.task_runner - INFO - [TaskRunner] Restored session 0326266b-e8b4-41cd-84b9-49d8ecafb3dd: status=completed, events=113
2026-02-06 11:04:45 - core.task_runner - INFO - [TaskRunner] Restored session 8f61e4de-5077-41ac-9561-eeefb4c3e991: status=completed, events=142
2026-02-06 11:04:45 - core.task_runner - INFO - [TaskRunner] Restored session 10112080-a546-45a6-bde8-f76a75cd57dc: status=completed, events=275
2026-02-06 11:04:45 - core.task_runner - INFO - [TaskRunner] Restored session 69caad30-2f1f-4557-8bb9-d820f6ff839b: status=completed, events=1646
2026-02-06 11:04:45 - core.task_runner - INFO - [TaskRunner] Restored session f7ba7177-95ff-4824-bc65-7c836dd3bd37: status=error, events=2021
2026-02-06 11:04:45 - core.task_runner - INFO - [TaskRunner] Restored session de0c6256-cad3-4f11-87e9-b87cc99cffab: status=completed, events=64
2026-02-06 11:04:45 - core.task_runner - INFO - [TaskRunner] Restored session 36b12e28-25ef-426a-baf5-2d98b650abf5: status=completed, events=2299
2026-02-06 11:04:45 - core.task_runner - INFO - [TaskRunner] Restored session 2c3a650d-bd28-41c8-8dff-b1c6d471c4bc: status=completed, events=1655
2026-02-06 11:04:45 - core.task_runner - INFO - [TaskRunner] Restored session 8908b8ce-449c-40f2-a92e-f6289d818d5c: status=completed, events=673
2026-02-06 11:04:45 - core.task_runner - INFO - [TaskRunner] Restored session fbc4d595-3cad-435d-aeb9-ae91246868cc: status=completed, events=109
2026-02-06 11:04:45 - core.task_runner - INFO - [TaskRunner] Restored session f7949f3a-2275-4829-8a4d-7a1e65785a2e: status=completed, events=173
2026-02-06 11:04:45 - core.task_runner - INFO - [TaskRunner] Restored session 17a19429-3d9b-4e4d-8877-a5f734304122: status=completed, events=351
2026-02-06 11:04:45 - core.task_runner - INFO - [TaskRunner] Restored session e05f11a2-82a2-4332-a50f-a2177af986d5: status=completed, events=111
2026-02-06 11:04:45 - core.task_runner - INFO - [TaskRunner] Restored session 6cb5d15a-507b-4297-a481-5df85e6cfb32: status=completed, events=935
2026-02-06 11:04:45 - core.task_runner - INFO - [TaskRunner] Restored session 65221bb1-9f11-466d-8991-f1ed58b22904: status=completed, events=1
2026-02-06 11:04:45 - core.task_runner - INFO - [TaskRunner] Restored session 8f0d49e3-8934-4b40-aa93-e491975fc699: status=completed, events=148
2026-02-06 11:04:45 - core.task_runner - INFO - [TaskRunner] Restored session 8276316d-7ec2-40d2-9f6c-ec37676cfcae: status=completed, events=460
2026-02-06 11:04:45 - core.task_runner - INFO - [TaskRunner] Restored session 21468d62-1223-4ac2-ab62-50163f8ba69a: status=completed, events=3
2026-02-06 11:04:45 - core.task_runner - INFO - [TaskRunner] Restored session e2847c26-559e-41d5-b0e8-71f4507848f4: status=completed, events=218
2026-02-06 11:04:45 - core.task_runner - INFO - [TaskRunner] Restored session 177d2ad1-955f-4216-b0fb-a602c280f485: status=completed, events=603
2026-02-06 11:04:45 - core.task_runner - INFO - [TaskRunner] Restored session 6106b803-3d2b-45fb-853b-840e3bf26f70: status=completed, events=69
2026-02-06 11:04:45 - core.task_runner - INFO - [TaskRunner] Restored session 80112955-eefa-4389-9d77-9cca3c2f04af: status=completed, events=224
2026-02-06 11:04:45 - core.task_runner - INFO - [TaskRunner] Restored session 8a445597-4d6b-4d88-8462-c6cc6237c755: status=completed, events=102
2026-02-06 11:04:45 - core.task_runner - INFO - [TaskRunner] Restored session bf18750b-9fae-4804-aae3-5db6437f3f6a: status=completed, events=1210
2026-02-06 11:04:45 - core.task_runner - INFO - [TaskRunner] Restored session 175e57fb-28b9-44fc-8a8a-15068e96834f: status=completed, events=304
2026-02-06 11:04:45 - core.task_runner - INFO - [TaskRunner] Restored session 07347b72-99da-47a6-9955-201b1bf5a5b5: status=completed, events=482
2026-02-06 11:04:45 - core.task_runner - INFO - [TaskRunner] Restored session 873f8924-ebfd-46bd-a4e8-f7a1e28dae9c: status=completed, events=807
2026-02-06 11:04:45 - core.task_runner - INFO - [TaskRunner] Restored session 6dcfef12-9b95-4bd8-9b7e-a5755167962f: status=completed, events=2014
2026-02-06 11:04:45 - core.task_runner - INFO - [TaskRunner] Restored session 00a8185d-cefc-4fe0-bede-7d412e115a78: status=completed, events=204
2026-02-06 11:04:45 - core.task_runner - INFO - [TaskRunner] Restored session 95b76a8c-c2de-4861-a6da-6d8be6ecbe19: status=completed, events=425
2026-02-06 11:04:45 - core.task_runner - INFO - [TaskRunner] Restored session 0de93994-be4e-4530-b33d-3886177543a0: status=completed, events=19
2026-02-06 11:04:45 - core.task_runner - INFO - [TaskRunner] Restored session 674125a5-cb9c-45b3-b0c3-c158a73d5f30: status=completed, events=79
2026-02-06 11:04:45 - core.task_runner - INFO - [TaskRunner] Restored session 4f8e2192-fd69-4f13-8144-6e5ab695c1d2: status=completed, events=496
2026-02-06 11:04:45 - core.task_runner - INFO - [TaskRunner] Restored session f5410061-a829-40a0-bd5c-9737770ea619: status=completed, events=123
2026-02-06 11:04:45 - core.task_runner - INFO - [TaskRunner] Restored session 465d3641-f4ed-4410-8cbe-97e9f40ca4a9: status=completed, events=793
2026-02-06 11:04:45 - core.task_runner - INFO - [TaskRunner] Restored session 5882b228-be86-41b2-85f3-827c0e22cf5b: status=completed, events=256
2026-02-06 11:04:45 - core.task_runner - INFO - [TaskRunner] Restored session 9a37e148-bab8-446f-b608-f07f3bccbf27: status=completed, events=3
2026-02-06 11:04:45 - core.task_runner - INFO - [TaskRunner] Restored session e766e141-48bf-415a-849f-70fbc21d29a0: status=completed, events=510
2026-02-06 11:04:45 - core.task_runner - INFO - [TaskRunner] Restored session 2e217879-a5c2-4ba7-8534-33df8047588e: status=completed, events=449
2026-02-06 11:04:45 - core.task_runner - INFO - [TaskRunner] Restored session 6cec793c-afec-4285-9184-802b8acdb359: status=completed, events=143
2026-02-06 11:04:45 - core.task_runner - INFO - [TaskRunner] Restored session 151acd5f-06f9-4deb-b983-efa41027928f: status=completed, events=130
2026-02-06 11:04:45 - core.task_runner - INFO - [TaskRunner] Restored session 4daec330-c60b-491e-9f0a-f137651f22f9: status=completed, events=321
2026-02-06 11:04:45 - core.task_runner - INFO - [TaskRunner] Restored session b684eefb-73b4-4add-a436-996d054c5290: status=completed, events=675
2026-02-06 11:04:45 - core.task_runner - INFO - [TaskRunner] Restored session 0fbc949a-6feb-40f1-8849-087500fdce51: status=completed, events=97
2026-02-06 11:04:45 - core.task_runner - INFO - [TaskRunner] Restored session 25cfeac7-e34b-4613-afed-0980c92abf74: status=completed, events=1241
2026-02-06 11:04:45 - core.task_runner - INFO - [TaskRunner] Restored session 4b5946db-e647-4642-8f48-8cee32105abd: status=completed, events=93
2026-02-06 11:04:45 - core.task_runner - INFO - [TaskRunner] Restored session 626a9163-b5a4-4330-b93a-a2ef0a2cd03b: status=completed, events=368
2026-02-06 11:04:45 - core.task_runner - INFO - [TaskRunner] Restored session 8402b95e-274f-485a-8514-d8d426cff9d1: status=completed, events=57
2026-02-06 11:04:45 - core.task_runner - INFO - [TaskRunner] Restored session e6504af5-111f-4d03-92e5-af2aa709a5b6: status=completed, events=686
2026-02-06 11:04:45 - core.task_runner - INFO - [TaskRunner] Restored session 7d10f938-a1a8-450c-a26e-4073868b5964: status=completed, events=795
2026-02-06 11:04:45 - core.task_runner - INFO - [TaskRunner] Restored session f6dbfc60-014f-4ab9-910a-1bd4900088b5: status=completed, events=167
2026-02-06 11:04:45 - core.task_runner - INFO - [TaskRunner] Restored session f8b380dc-69e3-4268-9e2c-fde448bcf2fa: status=completed, events=227
2026-02-06 11:04:45 - core.task_runner - INFO - [TaskRunner] Restored session cdb0e878-46a1-47e6-8f5b-fca41db1baf2: status=completed, events=238
2026-02-06 11:04:45 - core.task_runner - INFO - [TaskRunner] Restored session d800d889-fa55-4766-8d38-e8ad0208a0bc: status=completed, events=206
2026-02-06 11:04:45 - core.task_runner - INFO - [TaskRunner] Restored session bbb74ab2-2578-4c34-ac2e-67a88fd93a80: status=completed, events=894
2026-02-06 11:04:45 - core.task_runner - INFO - [TaskRunner] Restored session be4111b4-2fe0-4d9a-ab15-1a8563a3c2ca: status=completed, events=404
2026-02-06 11:04:45 - core.task_runner - INFO - [TaskRunner] Restored session 626e1429-583c-4535-b745-7844dcfe4438: status=completed, events=114
2026-02-06 11:04:45 - core.task_runner - INFO - [TaskRunner] Restored session a53d6275-8ad1-4ede-b774-e7c6f88aa6b7: status=completed, events=408
2026-02-06 11:04:45 - core.task_runner - INFO - [TaskRunner] Restored session 5d45f46c-2121-44dd-9182-e300785a088a: status=completed, events=419
2026-02-06 11:04:45 - core.task_runner - INFO - [TaskRunner] Restored session 9d383a57-f019-47b3-887e-2de405b6abac: status=completed, events=83
2026-02-06 11:04:45 - core.task_runner - INFO - [TaskRunner] Restored session 2bdaa7ed-7a4b-4b1f-80c8-0e8c35e7de08: status=completed, events=323
2026-02-06 11:04:45 - core.task_runner - INFO - [TaskRunner] Restored session 3445dbf1-80e3-405d-8eee-57d5f5e50680: status=completed, events=285
2026-02-06 11:04:45 - core.task_runner - INFO - [TaskRunner] Restored session 5adae2b5-4424-4528-9811-76b156f3ff2b: status=completed, events=138
2026-02-06 11:04:45 - core.task_runner - INFO - [TaskRunner] Restored session 49562896-4efd-4f3b-b919-dd983b9039cb: status=completed, events=25
2026-02-06 11:04:45 - core.task_runner - INFO - [TaskRunner] Restored session 0270a244-1362-40b2-af5f-f1763705cebb: status=completed, events=566
2026-02-06 11:04:45 - core.task_runner - INFO - [TaskRunner] Restored session 3b4cb6bb-c66f-4a2c-b599-d278e2a46582: status=completed, events=139
2026-02-06 11:04:45 - core.task_runner - INFO - [TaskRunner] Restored session 1d47cebf-be9f-4971-b283-b34ed4c630b9: status=completed, events=107
2026-02-06 11:04:45 - core.task_runner - INFO - [TaskRunner] Restored session 385e204f-ff7b-411c-8818-b4da7d08e1a0: status=completed, events=35
2026-02-06 11:04:45 - core.task_runner - INFO - [TaskRunner] Restored session 50038309-edff-4c02-b65c-c4a3799c6f3f: status=completed, events=303
2026-02-06 11:04:45 - core.task_runner - INFO - [TaskRunner] Restored session c7a200f3-89f6-48a0-83c0-f5e634c66513: status=completed, events=386
2026-02-06 11:04:45 - core.task_runner - INFO - [TaskRunner] Restored session 6a5fc2bb-a474-435b-a08c-76bbf34f91a7: status=completed, events=152
2026-02-06 11:04:45 - core.task_runner - INFO - [TaskRunner] Restored session 776e89fb-e461-4972-97fa-2c21f4c35a4d: status=completed, events=583
2026-02-06 11:04:45 - core.task_runner - INFO - [TaskRunner] Restored session 0eacbd2a-e771-46bd-9461-1609d89a995d: status=completed, events=343
2026-02-06 11:04:45 - core.task_runner - INFO - [TaskRunner] Restored session 76b395d9-d448-41d4-bc9e-08f0bdae7865: status=completed, events=94
2026-02-06 11:04:45 - core.task_runner - INFO - [TaskRunner] Restored session 54d13f68-0677-46b7-84ce-29e44ed73f04: status=completed, events=57
2026-02-06 11:04:45 - core.task_runner - INFO - [TaskRunner] Restored session 54d42292-7285-4d74-8dc7-b8d12e3a2f4e: status=completed, events=490
2026-02-06 11:04:45 - core.task_runner - INFO - [TaskRunner] Restored session 6531d384-633c-49b1-b6a6-920a3dab368e: status=completed, events=183
2026-02-06 11:04:45 - core.task_runner - INFO - [TaskRunner] Restored session aaed4368-d254-4076-934f-14384e1b56ec: status=completed, events=4
2026-02-06 11:04:45 - core.task_runner - INFO - [TaskRunner] Restored session 0b0df31c-7e28-4f3c-93a0-a60039def21f: status=error, events=27
2026-02-06 11:04:45 - core.task_runner - INFO - [TaskRunner] Restored session 26331d55-d1f4-4415-9057-d0415f128c6b: status=completed, events=909
2026-02-06 11:04:45 - core.task_runner - INFO - [TaskRunner] Restored session 822fecb9-9fa9-491e-afa4-2b60e66d8036: status=completed, events=1064
2026-02-06 11:04:45 - core.task_runner - INFO - [TaskRunner] Restored session f8403db2-89f5-4c30-8477-d6edcffcc2da: status=completed, events=45
2026-02-06 11:04:45 - core.task_runner - INFO - [TaskRunner] Restored session 2a573beb-2df4-4465-bb17-629a6d972144: status=completed, events=12
2026-02-06 11:04:45 - core.task_runner - INFO - [TaskRunner] Restored session b74d7c2d-cf34-4349-94f3-70a4bcf76b5e: status=completed, events=261
2026-02-06 11:04:45 - core.task_runner - INFO - [TaskRunner] Restored session 42e9f286-58f2-4085-94a4-bf3ca9c9ea63: status=completed, events=46
2026-02-06 11:04:45 - core.task_runner - INFO - [TaskRunner] Restored session ce9d97f2-feef-4b4c-94eb-f9ea846f88da: status=completed, events=2265
2026-02-06 11:04:45 - core.task_runner - INFO - [TaskRunner] Restored session 84abd36a-d69d-4719-b017-63149dd354db: status=completed, events=4
2026-02-06 11:04:45 - core.task_runner - INFO - [TaskRunner] Restored session 6df6e113-02c3-4741-a24f-06315b6096dc: status=completed, events=190
2026-02-06 11:04:45 - core.task_runner - INFO - [TaskRunner] Restored session db5db4fe-2386-4340-8626-06e40549c33d: status=completed, events=432
2026-02-06 11:04:45 - core.task_runner - INFO - [TaskRunner] Restored session cbedc0d8-19dd-43b4-85b5-f5340a748b8b: status=completed, events=161
2026-02-06 11:04:45 - core.task_runner - INFO - [TaskRunner] Restored session abdfecca-cf2f-4100-805f-a16bac62b592: status=completed, events=126
2026-02-06 11:04:45 - core.task_runner - INFO - [TaskRunner] Restored session 85d143f7-e161-4303-9c1c-3f880998de80: status=completed, events=144
2026-02-06 11:04:45 - core.task_runner - INFO - [TaskRunner] Restored session cbec49db-09e2-45f7-a2cb-ead8b841d6a9: status=completed, events=260
2026-02-06 11:04:45 - core.task_runner - INFO - [TaskRunner] Restored session be00220d-67a6-44e4-bdc9-473d780eff47: status=completed, events=42
2026-02-06 11:04:45 - core.task_runner - INFO - [TaskRunner] Restored session c642041b-aa15-4747-94d6-462a66a9841b: status=completed, events=33
2026-02-06 11:04:45 - core.task_runner - INFO - [TaskRunner] Restored session 81da0f2b-7c19-49b7-bbfa-dfa9c76655e2: status=error, events=2623
2026-02-06 11:04:45 - core.task_runner - INFO - [TaskRunner] Restored session 9485cac9-1b35-4729-a596-e1c7f1f94a5f: status=completed, events=223
2026-02-06 11:04:45 - core.task_runner - INFO - [TaskRunner] Restored session 565f1c7a-202a-4a9b-92cf-1d2dc2c676a1: status=completed, events=1791
2026-02-06 11:04:45 - core.task_runner - INFO - [TaskRunner] Restored session 5baab6a6-475a-4de1-aa29-f51d920a5909: status=completed, events=498
2026-02-06 11:04:45 - core.task_runner - INFO - [TaskRunner] Restored session bf73a454-d393-439b-8eb9-0960f8be3d86: status=completed, events=1434
2026-02-06 11:04:45 - core.task_runner - INFO - [TaskRunner] Restored session 024927be-aa3e-4c47-9239-062bc0356f13: status=completed, events=2403
2026-02-06 11:04:45 - core.task_runner - INFO - [TaskRunner] Restored session aed8ce87-cb3d-4f94-b1f4-4646f462688e: status=completed, events=195
2026-02-06 11:04:45 - core.task_runner - INFO - [TaskRunner] Restored session e1d04e5a-149d-427c-a7a7-d841c286b376: status=completed, events=108
2026-02-06 11:04:45 - core.task_runner - INFO - [TaskRunner] Restored session d2f9ccf7-5d88-46d4-b77d-414fc8566db2: status=completed, events=97
2026-02-06 11:04:45 - core.task_runner - INFO - [TaskRunner] Restored session c028cbe5-c4ff-4a43-92fd-90a2e18aeb1d: status=completed, events=664
2026-02-06 11:04:45 - core.task_runner - INFO - [TaskRunner] Restored session a0e4fb8f-38ec-43a6-91d4-eebc27e9b040: status=completed, events=334
2026-02-06 11:04:45 - core.task_runner - INFO - [TaskRunner] Restored session 1a9dcf5c-1d58-4148-9707-a70fee009e04: status=completed, events=3111
2026-02-06 11:04:45 - core.task_runner - INFO - [TaskRunner] Restored session 1221dc55-d8cc-4ae3-9d0e-e968dcf991f8: status=completed, events=271
2026-02-06 11:04:45 - core.task_runner - INFO - [TaskRunner] Restored session bd42346d-b44d-4949-bd42-7ae4295b9c21: status=completed, events=466
2026-02-06 11:04:45 - core.task_runner - INFO - [TaskRunner] Restored session 96a8589d-39f9-4ec6-aacb-1a87e1b992bb: status=completed, events=154
2026-02-06 11:04:45 - core.task_runner - INFO - [TaskRunner] Restored session cbaabaa9-277c-4da3-9bd1-560f93bbde42: status=completed, events=1538
2026-02-06 11:04:45 - core.task_runner - INFO - [TaskRunner] Restored session 6917eeac-47a3-48b3-9144-9d1087b55a8b: status=error, events=1037
2026-02-06 11:04:45 - core.task_runner - INFO - [TaskRunner] Restored session 5c39835a-abd8-424f-8eec-96798b91a013: status=completed, events=265
2026-02-06 11:04:45 - core.task_runner - INFO - [TaskRunner] Restored session 1b3787ef-9b87-426d-a0b3-9f0f6549b5bf: status=completed, events=242
2026-02-06 11:04:45 - core.task_runner - INFO - [TaskRunner] Restored session 817378bd-5b35-4bd0-847c-a6b0874e81e3: status=completed, events=94
2026-02-06 11:04:45 - core.task_runner - INFO - [TaskRunner] Restored session 02b373d9-d63d-4e5a-8dfc-7cff7b209311: status=completed, events=153
2026-02-06 11:04:45 - core.task_runner - INFO - [TaskRunner] Restored session 27da7332-ec4f-4df0-ae0c-dc76a541554e: status=completed, events=29
2026-02-06 11:04:45 - core.task_runner - INFO - [TaskRunner] Restored session ef769f44-8dbd-4204-ac9f-2a987d62a23a: status=completed, events=287
2026-02-06 11:04:45 - core.task_runner - INFO - [TaskRunner] Restored session de242372-27e9-4b38-b3b6-e8f48d6c8e59: status=completed, events=250
2026-02-06 11:04:45 - core.task_runner - INFO - [TaskRunner] Restored session 981e047e-a7a2-43f2-ab24-094cb86cd4ce: status=completed, events=521
2026-02-06 11:04:45 - core.task_runner - INFO - [TaskRunner] Restored session 0e84ddeb-2e1a-4c06-9715-1e0cbced0f4e: status=completed, events=4109
2026-02-06 11:04:45 - core.task_runner - INFO - [TaskRunner] Restored session 8b911ffe-e41b-4960-a779-685d836a9bc3: status=completed, events=871
2026-02-06 11:04:45 - core.task_runner - INFO - [TaskRunner] Restored session 999c75b0-b337-4dee-b689-3c8c914eefa9: status=completed, events=466
2026-02-06 11:04:45 - core.task_runner - INFO - [TaskRunner] Restored session 6b7bb30f-d999-4ab7-9f7d-0d0cde7a8388: status=completed, events=176
2026-02-06 11:04:45 - core.task_runner - INFO - [TaskRunner] Restored session 618eea00-1921-499e-a670-5610ccd44712: status=completed, events=127
2026-02-06 11:04:45 - core.task_runner - INFO - [TaskRunner] Restored session b0812d29-ac0f-409f-8fe9-2f80c6aeb22b: status=completed, events=108
2026-02-06 11:04:45 - core.task_runner - INFO - [TaskRunner] Restored session a66fcb9a-0c46-4373-94de-9501fe2e9bf5: status=completed, events=144
2026-02-06 11:04:45 - core.task_runner - INFO - [TaskRunner] Restored session 72a3df0a-660b-4921-9727-26fd6584d2d6: status=completed, events=172
2026-02-06 11:04:45 - core.task_runner - INFO - [TaskRunner] Restored session 5e7edfc3-2d16-44bc-a227-4c1081f92ef6: status=completed, events=861
2026-02-06 11:04:45 - core.task_runner - INFO - [TaskRunner] Restored session b2bb916e-d90e-49d2-adbf-9ea53162f4ba: status=completed, events=447
2026-02-06 11:04:45 - core.task_runner - INFO - [TaskRunner] Restored session 1241a6ee-8335-4473-bcb5-f0537446a454: status=completed, events=140
2026-02-06 11:04:45 - core.task_runner - INFO - [TaskRunner] Restored session c24f41b4-29b5-4723-b88e-d0f7043c19ca: status=completed, events=268
2026-02-06 11:04:45 - core.task_runner - INFO - [TaskRunner] Restored session 397c9bf6-29f5-4619-903f-ad10cd341c3e: status=completed, events=269
2026-02-06 11:04:45 - core.task_runner - INFO - [TaskRunner] Restored session 95500a1a-54c0-4aef-939d-42848a2c8ebc: status=completed, events=230
2026-02-06 11:04:45 - core.task_runner - INFO - [TaskRunner] Restored session 45c79e39-c496-4be6-b3f7-866db3506042: status=completed, events=1199
2026-02-06 11:04:45 - core.task_runner - INFO - [TaskRunner] Restored session 09bb8644-ed76-4f74-87bd-1461d740308f: status=completed, events=261
2026-02-06 11:04:45 - core.task_runner - INFO - [TaskRunner] Restored session ca05d333-fa53-40da-a71f-70d90ccaf3ef: status=completed, events=3
2026-02-06 11:04:45 - core.task_runner - INFO - [TaskRunner] Restored session 9fc69ff0-f943-42bb-9898-cff8bef3715c: status=completed, events=348
2026-02-06 11:04:45 - core.task_runner - INFO - [TaskRunner] Restored session ae097b52-a030-48f0-b1dd-21178d7db276: status=error, events=199
2026-02-06 11:04:45 - core.task_runner - INFO - [TaskRunner] Restored session 08714d57-8f2e-4f9c-ac18-df8c4b87f7b5: status=completed, events=358
2026-02-06 11:04:45 - core.task_runner - INFO - [TaskRunner] Restored session 62f5720d-15ae-4d2c-8735-4ccc5e4838af: status=completed, events=68
2026-02-06 11:04:45 - core.task_runner - INFO - [TaskRunner] Restored session 5c01de9b-8ca6-47c2-af39-c3d984579819: status=completed, events=213
2026-02-06 11:04:45 - core.task_runner - INFO - [TaskRunner] Restored session c2568d40-2652-4585-95e0-ba0c6c39433e: status=completed, events=2423
2026-02-06 11:04:45 - core.task_runner - INFO - [TaskRunner] Restored session 41010b65-9c5b-464a-9575-8a6e5bd02ff5: status=completed, events=35
2026-02-06 11:04:45 - core.task_runner - INFO - [TaskRunner] Restored session d0015031-c24e-42da-80ac-fd1ff3510871: status=completed, events=222
2026-02-06 11:04:45 - core.task_runner - INFO - [TaskRunner] Restored session 47688708-b926-4e2a-b386-0d5dd3db245e: status=completed, events=926
2026-02-06 11:04:45 - core.task_runner - INFO - [TaskRunner] Restored session 2549c03f-0314-4d9d-8600-0de775a7e582: status=completed, events=617
2026-02-06 11:04:45 - core.task_runner - INFO - [TaskRunner] Restored session eedf5cd1-7181-4840-93da-0cf650b925a2: status=completed, events=709
2026-02-06 11:04:45 - core.task_runner - INFO - [TaskRunner] Restored session eb8fdcd9-8000-4f9c-b9c9-98f04ad492a6: status=completed, events=3831
2026-02-06 11:04:45 - core.task_runner - INFO - [TaskRunner] Restored session 8d6fd0ee-3098-445e-82c8-8c2d1460ab9c: status=completed, events=16
2026-02-06 11:04:45 - core.task_runner - INFO - [TaskRunner] Restored session ad0683e8-9f6d-4a94-8d4a-eb2b9648b01c: status=completed, events=181
2026-02-06 11:04:45 - core.task_runner - INFO - [TaskRunner] Restored session 7e8ccb23-35b9-4017-9819-0d602af8b0af: status=completed, events=5848
2026-02-06 11:04:45 - core.task_runner - INFO - [TaskRunner] Restored session 8d939ff7-8067-4c55-9289-387629fc1122: status=completed, events=753
2026-02-06 11:04:45 - core.task_runner - INFO - [TaskRunner] Restored session f05f8694-3cf0-4f55-a85e-a83ffae09ecb: status=completed, events=226
2026-02-06 11:04:45 - core.task_runner - INFO - [TaskRunner] Restored session 7adf1ad8-50fe-4bf0-9c5b-2ee7eb9e9aad: status=completed, events=6341
2026-02-06 11:04:45 - core.task_runner - INFO - [TaskRunner] Restored session c9882b4b-b5f9-4aaa-9dbc-2b7bce2ab636: status=completed, events=492
2026-02-06 11:04:45 - core.task_runner - INFO - [TaskRunner] Restored session bc45679e-4dee-4e30-b8a2-42fbb70b29bc: status=completed, events=130
2026-02-06 11:04:45 - core.task_runner - INFO - [TaskRunner] Restored session 144a6b90-664d-4d8d-a24f-0d3cd23a602b: status=completed, events=145
2026-02-06 11:04:45 - core.task_runner - INFO - [TaskRunner] Restored session 8409fe4e-3159-4473-b955-7d3926792493: status=completed, events=1112
2026-02-06 11:04:45 - core.task_runner - INFO - [TaskRunner] Restored session 93a14c1c-6316-4709-a7b5-499f8d1d4f57: status=completed, events=3583
2026-02-06 11:04:45 - core.task_runner - INFO - [TaskRunner] Restored session bb6d784a-feb9-4541-8e44-c30b5bb3ed4c: status=completed, events=10910
2026-02-06 11:04:45 - core.task_runner - INFO - [TaskRunner] Restored session 982f288f-bfea-424f-97b0-98b33a67dabf: status=completed, events=167
2026-02-06 11:04:45 - core.task_runner - INFO - [TaskRunner] Restored session f315b228-c3f6-4c69-9954-07a4980406e7: status=completed, events=1434
2026-02-06 11:04:45 - core.task_runner - INFO - [TaskRunner] Restored session ff20ed59-9503-4c20-89f8-48a0f4b93069: status=completed, events=5641
2026-02-06 11:04:45 - core.task_runner - INFO - [TaskRunner] Restored session f438135e-56ad-43c7-8124-9a7a4379ebf7: status=completed, events=3
2026-02-06 11:04:45 - core.task_runner - INFO - [TaskRunner] Restored session 5bfea356-32d9-47cc-bf0d-810a0bb27e2d: status=completed, events=91
2026-02-06 11:04:45 - core.task_runner - INFO - [TaskRunner] Restored session 6affada6-f40a-47e8-8ebb-6789ac75e0a3: status=completed, events=314
2026-02-06 11:04:45 - core.task_runner - INFO - [TaskRunner] Restored session 86e72c7e-abd1-485d-9c62-c1ffb9f015b7: status=completed, events=177
2026-02-06 11:04:45 - core.task_runner - INFO - [TaskRunner] Restored session 9bf103ee-0202-4ea8-bc54-9aacecf40376: status=completed, events=142
2026-02-06 11:04:45 - core.task_runner - INFO - [TaskRunner] Restored session 5e17f8b5-0432-4d01-8304-d29a724fdedf: status=completed, events=6574
2026-02-06 11:04:45 - core.task_runner - INFO - [TaskRunner] Restored session 26e0888e-f58d-40e6-b923-f296ed2806c7: status=completed, events=271
2026-02-06 11:04:45 - core.task_runner - INFO - [TaskRunner] Restored session 53ea1e81-d182-48e9-9133-468b9ab08710: status=completed, events=1
2026-02-06 11:04:45 - core.task_runner - INFO - [TaskRunner] Restored session a4d31a4d-8771-440b-83fa-f0b1652c2eed: status=completed, events=1495
2026-02-06 11:04:45 - core.task_runner - INFO - [TaskRunner] Restored session d1fa373a-cea1-4e24-8e7b-741550f91dd2: status=completed, events=65
2026-02-06 11:04:45 - core.task_runner - INFO - [TaskRunner] Restored session 043ae985-03b4-48a9-ad14-4daffcb6cbb6: status=completed, events=678
2026-02-06 11:04:45 - core.task_runner - INFO - [TaskRunner] Restored session 4940094f-d789-426d-82eb-938cb380d42f: status=completed, events=207
2026-02-06 11:04:45 - core.task_runner - INFO - [TaskRunner] Restored session a3653798-4346-469c-b1f0-9c879921251f: status=completed, events=26
2026-02-06 11:04:45 - core.task_runner - INFO - [TaskRunner] Restored session ab37d999-8414-4697-b04f-5aaf9301a0b6: status=completed, events=568
2026-02-06 11:04:45 - core.task_runner - INFO - [TaskRunner] Restored session 56a55475-ca3d-414c-87e2-2c4d14453aad: status=error, events=165
2026-02-06 11:04:45 - core.task_runner - INFO - [TaskRunner] Restored session e329b61b-b89f-472e-bea4-cd022b94ab8e: status=completed, events=233
2026-02-06 11:04:45 - core.task_runner - INFO - [TaskRunner] Restored session 620bd7e4-5044-408e-bca8-d9b3ea25bc2d: status=completed, events=4147
2026-02-06 11:04:45 - core.task_runner - INFO - [TaskRunner] Restored session dd19e06c-d345-4b00-9854-174edce3a010: status=completed, events=227
2026-02-06 11:04:45 - core.task_runner - INFO - [TaskRunner] Restored session 3b1689db-4ed0-4296-92e5-13363bcf4e42: status=completed, events=42
2026-02-06 11:04:45 - core.task_runner - INFO - [TaskRunner] Restored session 45590a2b-a265-4894-8f23-df8d9c435f95: status=completed, events=602
2026-02-06 11:04:45 - core.task_runner - INFO - [TaskRunner] Restored session 2de96f21-1091-4aa7-a32f-45f5faac1fd1: status=completed, events=206
2026-02-06 11:04:45 - core.task_runner - INFO - [TaskRunner] Restored session d1bd198e-1bd8-49e9-b083-ae1c9f384943: status=completed, events=96
2026-02-06 11:04:45 - core.task_runner - INFO - [TaskRunner] Restored session a9e7cc1e-d4b4-48ba-b2ad-d45d612a2b4e: status=completed, events=768
2026-02-06 11:04:45 - core.task_runner - INFO - [TaskRunner] Restored session 8ebc4735-e641-4b1d-8748-dbe26d9ca57b: status=completed, events=97
2026-02-06 11:04:45 - core.task_runner - INFO - [TaskRunner] Restored session 0b415ae9-97d4-46af-8e85-ca714757762e: status=completed, events=1275
2026-02-06 11:04:45 - core.task_runner - INFO - [TaskRunner] Restored session 3f3d41f5-c886-483a-8e06-e4c69cf7da78: status=completed, events=352
2026-02-06 11:04:45 - core.task_runner - INFO - [TaskRunner] Restored session 17b87830-546f-46f7-afd9-bb3a8470e0fd: status=completed, events=241
2026-02-06 11:04:45 - core.task_runner - INFO - [TaskRunner] Restored session 8b8ad12a-c055-4365-9e3a-eb8461543c65: status=completed, events=2441
2026-02-06 11:04:45 - core.task_runner - INFO - [TaskRunner] Restored session 703bc39f-fb9b-4751-bfd9-aa9b0f487a06: status=completed, events=546
2026-02-06 11:04:45 - core.task_runner - INFO - [TaskRunner] Restored session d8df8906-282a-4364-8c38-60c5562fa741: status=completed, events=198
2026-02-06 11:04:45 - core.task_runner - INFO - [TaskRunner] Restored session 8ee5e879-11d2-40de-a053-9d839f65afad: status=completed, events=1229
2026-02-06 11:04:45 - core.task_runner - INFO - [TaskRunner] Restored session c5c799b3-cedd-4c83-8f5f-ad5ab7aad3ac: status=completed, events=462
2026-02-06 11:04:45 - core.task_runner - INFO - [TaskRunner] Restored session 5b8ca8e7-fc67-45bb-a9f2-15f88c295a7e: status=completed, events=571
2026-02-06 11:04:45 - core.task_runner - INFO - [TaskRunner] Restored session d0840517-87a0-42d8-be90-7ccd4fc276b2: status=completed, events=602
2026-02-06 11:04:45 - core.task_runner - INFO - [TaskRunner] Restored session fbcc5e1e-b05e-40ed-909c-eb89ec41059a: status=completed, events=3592
2026-02-06 11:04:45 - core.task_runner - INFO - [TaskRunner] Restored session 3bfa2b0d-c145-4081-9ce1-258931b2b615: status=completed, events=159
2026-02-06 11:04:45 - core.task_runner - INFO - [TaskRunner] Restored session 440996c2-22a7-4f4f-937c-d571bc6e2bb3: status=completed, events=203
2026-02-06 11:04:45 - core.task_runner - INFO - [TaskRunner] Restored session d6f654eb-4258-4271-898f-ea008bc22a30: status=completed, events=367
2026-02-06 11:04:45 - core.task_runner - INFO - [TaskRunner] Restored session 5f5c9776-2cad-4041-9643-5c39e678abfb: status=completed, events=558
2026-02-06 11:04:45 - core.task_runner - INFO - [TaskRunner] Restored session 0fae4ba7-6d91-4436-ad7f-5c3e81f4e1da: status=completed, events=689
2026-02-06 11:04:45 - core.task_runner - INFO - [TaskRunner] Restored session 77f8850b-9e72-46f0-a524-57304fd35a08: status=completed, events=238
2026-02-06 11:04:45 - core.task_runner - INFO - [TaskRunner] Restored session f58fc0f5-3847-4a43-8106-40f47cf8c94a: status=completed, events=3
2026-02-06 11:04:45 - core.task_runner - INFO - [TaskRunner] Restored session 8452564f-d450-400b-bd67-16f2cadbaa74: status=completed, events=465
2026-02-06 11:04:45 - core.task_runner - INFO - [TaskRunner] Restored session d7c74264-d20e-4eff-a4bd-b99d560c8914: status=completed, events=73
2026-02-06 11:04:45 - core.task_runner - INFO - [TaskRunner] Restored session 111b51f8-a0a2-4606-924f-75a644b23ec3: status=completed, events=291
2026-02-06 11:04:45 - core.task_runner - INFO - [TaskRunner] Restored session bc6a813a-4abb-4ea7-a4fe-f4179f9f04ef: status=error, events=219
2026-02-06 11:04:45 - core.task_runner - INFO - [TaskRunner] Restored session 58769f51-2d4c-414c-a86d-797037820c17: status=completed, events=61
2026-02-06 11:04:45 - core.task_runner - INFO - [TaskRunner] Restored session 968c48f7-5573-4059-9b89-8c1251bdb9cc: status=completed, events=618
2026-02-06 11:04:45 - core.task_runner - INFO - [TaskRunner] Restored session 1935ea54-94bd-46da-a1bf-8315e9fba5d2: status=completed, events=813
2026-02-06 11:04:45 - core.task_runner - INFO - [TaskRunner] Restored session 31ca5e6a-5b58-4c17-b552-d3a16c77f6e2: status=completed, events=132
2026-02-06 11:04:45 - core.task_runner - INFO - [TaskRunner] Restored session 5d0ff4fb-9a76-441e-bb1e-2acca67dbe52: status=completed, events=119
2026-02-06 11:04:45 - core.task_runner - INFO - [TaskRunner] Restored session 7072f59d-9aac-45f1-a7dc-af969730106d: status=completed, events=8
2026-02-06 11:04:45 - core.task_runner - INFO - [TaskRunner] Restored session 47cc244e-90e1-4ea8-bfff-a7f832b3a16e: status=completed, events=324
2026-02-06 11:04:45 - core.task_runner - INFO - [TaskRunner] Restored session ae51241f-9491-45f8-bbb2-1dd2100b01bf: status=completed, events=8708
2026-02-06 11:04:45 - core.task_runner - INFO - [TaskRunner] Restored session c7d0a64d-76a4-4a0a-b2e3-53ecfcad270b: status=completed, events=4
2026-02-06 11:04:45 - core.task_runner - INFO - [TaskRunner] Restored session 531e2db2-296f-44e4-9191-ca67b3d1d27e: status=completed, events=339
2026-02-06 11:04:45 - core.task_runner - INFO - [TaskRunner] Restored session 112c46dd-b68e-4509-8406-a7716f343298: status=error, events=12573
2026-02-06 11:04:45 - core.task_runner - INFO - [TaskRunner] Restored session 57866a51-1828-43cd-8277-a2bf08e7bf74: status=completed, events=89
2026-02-06 11:04:45 - core.task_runner - INFO - [TaskRunner] Restored session 8be37fd2-a8d7-41b3-9e77-d2589082231f: status=completed, events=239
2026-02-06 11:04:45 - core.task_runner - INFO - [TaskRunner] Restored session c53a7e92-3c92-41c3-bf9e-2736c5dc3fc8: status=completed, events=139
2026-02-06 11:04:45 - core.task_runner - INFO - [TaskRunner] Restored session a1a2cf64-bbc1-4ddb-bc2b-8a3fc5dfe644: status=completed, events=9168
2026-02-06 11:04:45 - core.task_runner - INFO - [TaskRunner] Restored session 4532c1bb-7f97-48c2-bdef-934195b2d8af: status=completed, events=328
2026-02-06 11:04:45 - core.task_runner - INFO - [TaskRunner] Restored session b2f0ad64-a1a5-4ba4-a93f-f485aeaffc64: status=completed, events=1372
2026-02-06 11:04:45 - core.task_runner - INFO - [TaskRunner] Restored session 82c3dcb5-4f05-4a35-b1a1-06b6ea4865da: status=completed, events=238
2026-02-06 11:04:45 - core.task_runner - INFO - [TaskRunner] Restored session 9e45bd22-c8e3-4fda-be2d-cc54a59d94d5: status=completed, events=173
2026-02-06 11:04:45 - core.task_runner - INFO - [TaskRunner] Restored session 54296987-339d-441e-b8ba-faa964008bfd: status=completed, events=934
2026-02-06 11:04:45 - core.task_runner - INFO - [TaskRunner] Restored session c06a4026-f278-4aa3-a366-4346ca40a547: status=completed, events=82
2026-02-06 11:04:45 - core.task_runner - INFO - [TaskRunner] Restored session 655f5eba-a096-4657-a83c-3cdd117147cb: status=error, events=0
2026-02-06 11:04:45 - core.task_runner - INFO - [TaskRunner] Restored session b01e1655-fd61-4672-b146-2a0397558e9c: status=completed, events=154
2026-02-06 11:04:45 - core.task_runner - INFO - [TaskRunner] Restored session e0f84bcb-cb9d-4aa6-a1b9-98929806b8a6: status=completed, events=50
2026-02-06 11:04:45 - core.task_runner - INFO - [TaskRunner] Restored session 393d428d-0d6d-4b28-be31-687b5b1af286: status=completed, events=358
2026-02-06 11:04:45 - core.task_runner - INFO - [TaskRunner] Restored session 3d4486aa-729d-4256-90c4-b55c3579197e: status=completed, events=71
2026-02-06 11:04:45 - core.task_runner - INFO - [TaskRunner] Restored session 730920ca-e2b0-47e1-bced-d842456b59c1: status=completed, events=55
2026-02-06 11:04:45 - core.task_runner - INFO - [TaskRunner] Restored session ed0f9f58-8d47-40f3-8e88-e482d0336de1: status=completed, events=1442
2026-02-06 11:04:45 - core.task_runner - INFO - [TaskRunner] Restored session dbdf0c37-b994-40f6-b3e3-8dfdb2c327b6: status=completed, events=267
2026-02-06 11:04:45 - core.task_runner - INFO - [TaskRunner] Restored session 7cd627e8-b5ed-4b11-9719-918b7bca1730: status=error, events=307
2026-02-06 11:04:45 - core.task_runner - INFO - [TaskRunner] Restored session 9860b104-c454-445f-8345-6f8644df46c3: status=completed, events=2174
2026-02-06 11:04:45 - core.task_runner - INFO - [TaskRunner] Restored session f53253ac-823b-4cbe-a86e-13ce4f007f0e: status=completed, events=4
2026-02-06 11:04:45 - core.task_runner - INFO - [TaskRunner] Restored session d9f5d067-6504-4ead-a28a-9fbf42706821: status=completed, events=992
2026-02-06 11:04:45 - core.task_runner - INFO - [TaskRunner] Restored session 73f2492f-c377-4918-85c7-ce001a83347f: status=completed, events=675
2026-02-06 11:04:45 - core.task_runner - INFO - [TaskRunner] Restored session 8e4ea0ec-865a-4307-a7b2-576266f26fc8: status=completed, events=201
2026-02-06 11:04:45 - core.task_runner - INFO - [TaskRunner] Restored session dec25eff-c252-4865-b357-4c351f81a6b0: status=completed, events=256
2026-02-06 11:04:45 - core.task_runner - INFO - [TaskRunner] Restored session ad6ab722-d950-4460-99ca-0c9589e510f1: status=completed, events=2475
2026-02-06 11:04:45 - core.task_runner - INFO - [TaskRunner] Restored session 3298abcd-8d95-4ddb-b5d8-0de14f530561: status=completed, events=242
2026-02-06 11:04:45 - core.task_runner - INFO - [TaskRunner] Restored session 8af2827a-28d9-4834-a5cd-b5ab7d893f40: status=completed, events=703
2026-02-06 11:04:45 - core.task_runner - INFO - [TaskRunner] Restored session bbea3a6d-353c-47f9-be74-d965709db783: status=completed, events=117
2026-02-06 11:04:45 - core.task_runner - INFO - [TaskRunner] Restored session 1090fb55-1ce4-4538-a39d-0e5a877d34f2: status=completed, events=787
2026-02-06 11:04:45 - core.task_runner - INFO - [TaskRunner] Restored session ceb01c00-085e-495c-84c5-5ffce582beb3: status=completed, events=1759
2026-02-06 11:04:45 - core.task_runner - INFO - [TaskRunner] Restored session 9ae3d76d-6d71-4a7c-849d-2b30797f0de9: status=completed, events=27
2026-02-06 11:04:45 - core.task_runner - INFO - [TaskRunner] Restored session a9fcde75-2caf-4312-a861-3e14f0ccba9e: status=completed, events=1146
2026-02-06 11:04:45 - core.task_runner - INFO - [TaskRunner] Restored session 3ee9a4e2-2912-4502-a9a5-f7e17ea5e7e2: status=completed, events=283
2026-02-06 11:04:45 - core.task_runner - INFO - [TaskRunner] Restored session 8053189b-5d52-4cd2-b567-ec64da3083e1: status=completed, events=240
2026-02-06 11:04:45 - core.task_runner - INFO - [TaskRunner] Restored session 55bd62a2-d490-4a53-9f9f-70095a8e664d: status=completed, events=1
2026-02-06 11:04:45 - core.task_runner - INFO - [TaskRunner] Restored session 353c48e9-6329-4544-8c6b-0e67dbce965b: status=completed, events=397
2026-02-06 11:04:45 - core.task_runner - INFO - [TaskRunner] Restored session c103dc64-a831-49e4-8a1d-beefe71c6a21: status=completed, events=272
2026-02-06 11:04:45 - core.task_runner - INFO - [TaskRunner] Restored session c42e0bdb-4816-412e-b1b8-be3bbf6cb069: status=completed, events=97
2026-02-06 11:04:45 - core.task_runner - INFO - [TaskRunner] Restored session 90d6db96-5845-4d59-a61f-ecef196e8cb9: status=completed, events=1498
2026-02-06 11:04:45 - core.task_runner - INFO - [TaskRunner] Restored session ed5ab499-7f0f-4374-a70f-4bed91a3e639: status=completed, events=307
2026-02-06 11:04:45 - core.task_runner - INFO - [TaskRunner] Restored session 6cf68c8c-1c48-41d4-9bea-a4ede9151fb1: status=completed, events=617
2026-02-06 11:04:45 - core.task_runner - INFO - [TaskRunner] Restored session 0dae1f70-cf33-487e-a2b3-02ec3ecf2285: status=completed, events=196
2026-02-06 11:04:45 - core.task_runner - INFO - [TaskRunner] Restored session e21914fa-b130-433b-b8c8-6534b0799255: status=completed, events=2192
2026-02-06 11:04:45 - core.task_runner - INFO - [TaskRunner] Restored session 1850e338-b27e-4471-9b88-02efa1219e66: status=completed, events=477
2026-02-06 11:04:45 - core.task_runner - INFO - [TaskRunner] Restored session a9cfbd30-024c-4e24-b5af-3c5862539004: status=completed, events=426
2026-02-06 11:04:45 - core.task_runner - INFO - [TaskRunner] Restored session abee4d67-e5c1-4007-acd2-1e03b4075512: status=completed, events=277
2026-02-06 11:04:45 - core.task_runner - INFO - [TaskRunner] Restored session 160685df-6cd6-48ce-bb5a-ffaf4fe6005d: status=completed, events=2011
2026-02-06 11:04:45 - core.task_runner - INFO - [TaskRunner] Restored session d7628260-2283-48fe-a307-07b77d79b964: status=completed, events=544
2026-02-06 11:04:45 - core.task_runner - INFO - [TaskRunner] Restored session 636693e7-e64f-493c-a36f-921e8fa61475: status=completed, events=33
2026-02-06 11:04:45 - core.task_runner - INFO - [TaskRunner] Restored session 73201ee6-c42c-46a8-969f-eb9e32f524fd: status=completed, events=4
2026-02-06 11:04:45 - core.task_runner - INFO - [TaskRunner] Restored session 18588772-f05e-405b-b156-d66f3f864797: status=completed, events=5444
2026-02-06 11:04:45 - core.task_runner - INFO - [TaskRunner] Restored session 30f5d3de-3c49-404a-90b8-e697819494a5: status=completed, events=526
2026-02-06 11:04:45 - core.task_runner - INFO - [TaskRunner] Restored session 1ffab133-49bd-4730-a8a1-d6c14fd19c57: status=completed, events=10997
2026-02-06 11:04:45 - core.task_runner - INFO - [TaskRunner] Restored session a244f6d8-96ce-4820-be8c-a17bee092865: status=completed, events=238
2026-02-06 11:04:45 - core.task_runner - INFO - [TaskRunner] Started
2026-02-06 11:04:45 - core.file_watcher - INFO - [FileWatcher] Started monitoring 4 workspaces
2026-02-06 11:04:45 - root - INFO - [Lifespan] File watcher started for 4 workspaces
2026-02-06 11:04:45 - core.search.index_service - INFO - [SearchIndexService] Started
2026-02-06 11:04:45 - fsevents - DEBUG - NativeEvent(path="/Users/huawang/Documents/test/.opencowork/search/search.sqlite-wal", inode=31377953, flags=18100, id=159161209): is_created, is_file, is_xattr_mod
2026-02-06 11:04:45 - fsevents - DEBUG - queue_event FileCreatedEvent(src_path='/Users/huawang/Documents/test/.opencowork/search/search.sqlite-wal', dest_path='', event_type='created', is_directory=False, is_synthetic=False)
2026-02-06 11:04:45 - fsevents - DEBUG - queue_event DirModifiedEvent(src_path='/Users/huawang/Documents/test/.opencowork/search', dest_path='', event_type='modified', is_directory=True, is_synthetic=False)
2026-02-06 11:04:45 - fsevents - DEBUG - queue_event FileModifiedEvent(src_path='/Users/huawang/Documents/test/.opencowork/search/search.sqlite-wal', dest_path='', event_type='modified', is_directory=False, is_synthetic=False)
2026-02-06 11:04:45 - fsevents - DEBUG - NativeEvent(path="/Users/huawang/Documents/test2/.opencowork/search/search.sqlite-shm", inode=31377950, flags=19700, id=159161176): is_coalesced, is_created, is_file, is_inode_meta_mod, is_modified, is_removed, is_xattr_mod
2026-02-06 11:04:45 - fsevents - DEBUG - NativeEvent(path="/Users/huawang/Documents/test2/.opencowork/search/search.sqlite-wal", inode=31377949, flags=18300, id=159161179): is_coalesced, is_created, is_file, is_removed, is_xattr_mod
2026-02-06 11:04:45 - fsevents - DEBUG - NativeEvent(path="/Users/huawang/Documents/test2/.opencowork/search/search.sqlite-shm", inode=31377952, flags=19700, id=159161200): is_coalesced, is_created, is_file, is_inode_meta_mod, is_modified, is_removed, is_xattr_mod
2026-02-06 11:04:45 - fsevents - DEBUG - NativeEvent(path="/Users/huawang/Documents/test2/.opencowork/search/search.sqlite-wal", inode=31377951, flags=18300, id=159161203): is_coalesced, is_created, is_file, is_removed, is_xattr_mod
2026-02-06 11:04:45 - fsevents - DEBUG - queue_event FileCreatedEvent(src_path='/Users/huawang/Documents/test2/.opencowork/search/search.sqlite-shm', dest_path='', event_type='created', is_directory=False, is_synthetic=False)
2026-02-06 11:04:45 - fsevents - DEBUG - queue_event DirModifiedEvent(src_path='/Users/huawang/Documents/test2/.opencowork/search', dest_path='', event_type='modified', is_directory=True, is_synthetic=False)
2026-02-06 11:04:45 - fsevents - DEBUG - queue_event FileModifiedEvent(src_path='/Users/huawang/Documents/test2/.opencowork/search/search.sqlite-shm', dest_path='', event_type='modified', is_directory=False, is_synthetic=False)
2026-02-06 11:04:45 - fsevents - DEBUG - queue_event FileDeletedEvent(src_path='/Users/huawang/Documents/test2/.opencowork/search/search.sqlite-shm', dest_path='', event_type='deleted', is_directory=False, is_synthetic=False)
2026-02-06 11:04:45 - fsevents - DEBUG - queue_event DirModifiedEvent(src_path='/Users/huawang/Documents/test2/.opencowork/search', dest_path='', event_type='modified', is_directory=True, is_synthetic=False)
2026-02-06 11:04:45 - fsevents - DEBUG - queue_event FileCreatedEvent(src_path='/Users/huawang/Documents/test2/.opencowork/search/search.sqlite-wal', dest_path='', event_type='created', is_directory=False, is_synthetic=False)
2026-02-06 11:04:45 - fsevents - DEBUG - queue_event DirModifiedEvent(src_path='/Users/huawang/Documents/test2/.opencowork/search', dest_path='', event_type='modified', is_directory=True, is_synthetic=False)
2026-02-06 11:04:45 - fsevents - DEBUG - queue_event FileModifiedEvent(src_path='/Users/huawang/Documents/test2/.opencowork/search/search.sqlite-wal', dest_path='', event_type='modified', is_directory=False, is_synthetic=False)
2026-02-06 11:04:45 - fsevents - DEBUG - queue_event FileDeletedEvent(src_path='/Users/huawang/Documents/test2/.opencowork/search/search.sqlite-wal', dest_path='', event_type='deleted', is_directory=False, is_synthetic=False)
2026-02-06 11:04:45 - fsevents - DEBUG - queue_event DirModifiedEvent(src_path='/Users/huawang/Documents/test2/.opencowork/search', dest_path='', event_type='modified', is_directory=True, is_synthetic=False)
2026-02-06 11:04:45 - fsevents - DEBUG - queue_event FileCreatedEvent(src_path='/Users/huawang/Documents/test2/.opencowork/search/search.sqlite-shm', dest_path='', event_type='created', is_directory=False, is_synthetic=False)
2026-02-06 11:04:45 - fsevents - DEBUG - queue_event DirModifiedEvent(src_path='/Users/huawang/Documents/test2/.opencowork/search', dest_path='', event_type='modified', is_directory=True, is_synthetic=False)
2026-02-06 11:04:45 - fsevents - DEBUG - queue_event FileModifiedEvent(src_path='/Users/huawang/Documents/test2/.opencowork/search/search.sqlite-shm', dest_path='', event_type='modified', is_directory=False, is_synthetic=False)
2026-02-06 11:04:45 - fsevents - DEBUG - queue_event FileDeletedEvent(src_path='/Users/huawang/Documents/test2/.opencowork/search/search.sqlite-shm', dest_path='', event_type='deleted', is_directory=False, is_synthetic=False)
2026-02-06 11:04:45 - fsevents - DEBUG - queue_event DirModifiedEvent(src_path='/Users/huawang/Documents/test2/.opencowork/search', dest_path='', event_type='modified', is_directory=True, is_synthetic=False)
2026-02-06 11:04:45 - fsevents - DEBUG - queue_event FileCreatedEvent(src_path='/Users/huawang/Documents/test2/.opencowork/search/search.sqlite-wal', dest_path='', event_type='created', is_directory=False, is_synthetic=False)
2026-02-06 11:04:45 - fsevents - DEBUG - queue_event DirModifiedEvent(src_path='/Users/huawang/Documents/test2/.opencowork/search', dest_path='', event_type='modified', is_directory=True, is_synthetic=False)
2026-02-06 11:04:45 - fsevents - DEBUG - queue_event FileModifiedEvent(src_path='/Users/huawang/Documents/test2/.opencowork/search/search.sqlite-wal', dest_path='', event_type='modified', is_directory=False, is_synthetic=False)
2026-02-06 11:04:45 - fsevents - DEBUG - queue_event FileDeletedEvent(src_path='/Users/huawang/Documents/test2/.opencowork/search/search.sqlite-wal', dest_path='', event_type='deleted', is_directory=False, is_synthetic=False)
2026-02-06 11:04:45 - fsevents - DEBUG - queue_event DirModifiedEvent(src_path='/Users/huawang/Documents/test2/.opencowork/search', dest_path='', event_type='modified', is_directory=True, is_synthetic=False)
2026-02-06 11:04:45 - fsevents - DEBUG - NativeEvent(path="/Users/huawang/Documents/test/.opencowork/search/search.sqlite-shm", inode=31377954, flags=19700, id=159161224): is_coalesced, is_created, is_file, is_inode_meta_mod, is_modified, is_removed, is_xattr_mod
2026-02-06 11:04:45 - fsevents - DEBUG - NativeEvent(path="/Users/huawang/Documents/test/.opencowork/search/search.sqlite-wal", inode=31377953, flags=18300, id=159161227): is_coalesced, is_created, is_file, is_removed, is_xattr_mod
2026-02-06 11:04:45 - fsevents - DEBUG - NativeEvent(path="/Users/huawang/Documents/test/.opencowork/search/search.sqlite-wal", inode=31377955, flags=18300, id=159161251): is_coalesced, is_created, is_file, is_removed, is_xattr_mod
2026-02-06 11:04:45 - fsevents - DEBUG - NativeEvent(path="/Users/huawang/Documents/test/.opencowork/search/search.sqlite-shm", inode=31377956, flags=19700, id=159161248): is_coalesced, is_created, is_file, is_inode_meta_mod, is_modified, is_removed, is_xattr_mod
2026-02-06 11:04:45 - fsevents - DEBUG - queue_event FileCreatedEvent(src_path='/Users/huawang/Documents/test/.opencowork/search/search.sqlite-shm', dest_path='', event_type='created', is_directory=False, is_synthetic=False)
2026-02-06 11:04:45 - fsevents - DEBUG - queue_event DirModifiedEvent(src_path='/Users/huawang/Documents/test/.opencowork/search', dest_path='', event_type='modified', is_directory=True, is_synthetic=False)
2026-02-06 11:04:45 - fsevents - DEBUG - NativeEvent(path="/Users/huawang/Documents/agenttest/.opencowork/search/search.sqlite-shm", inode=31377958, flags=19700, id=159161272): is_coalesced, is_created, is_file, is_inode_meta_mod, is_modified, is_removed, is_xattr_mod
2026-02-06 11:04:45 - fsevents - DEBUG - queue_event FileModifiedEvent(src_path='/Users/huawang/Documents/test/.opencowork/search/search.sqlite-shm', dest_path='', event_type='modified', is_directory=False, is_synthetic=False)
2026-02-06 11:04:45 - fsevents - DEBUG - NativeEvent(path="/Users/huawang/Documents/agenttest/.opencowork/search/search.sqlite-wal", inode=31377957, flags=18300, id=159161275): is_coalesced, is_created, is_file, is_removed, is_xattr_mod
2026-02-06 11:04:45 - fsevents - DEBUG - queue_event FileDeletedEvent(src_path='/Users/huawang/Documents/test/.opencowork/search/search.sqlite-shm', dest_path='', event_type='deleted', is_directory=False, is_synthetic=False)
2026-02-06 11:04:45 - fsevents - DEBUG - NativeEvent(path="/Users/huawang/Documents/agenttest/.opencowork/search/search.sqlite-wal", inode=31377959, flags=18100, id=159161281): is_created, is_file, is_xattr_mod
2026-02-06 11:04:45 - fsevents - DEBUG - queue_event DirModifiedEvent(src_path='/Users/huawang/Documents/test/.opencowork/search', dest_path='', event_type='modified', is_directory=True, is_synthetic=False)
2026-02-06 11:04:45 - fsevents - DEBUG - NativeEvent(path="/Users/huawang/Documents/agenttest/.opencowork/search/search.sqlite-shm", inode=31377960, flags=19700, id=159161296): is_coalesced, is_created, is_file, is_inode_meta_mod, is_modified, is_removed, is_xattr_mod
2026-02-06 11:04:45 - fsevents - DEBUG - queue_event FileModifiedEvent(src_path='/Users/huawang/Documents/test/.opencowork/search/search.sqlite-wal', dest_path='', event_type='modified', is_directory=False, is_synthetic=False)
2026-02-06 11:04:45 - fsevents - DEBUG - queue_event FileCreatedEvent(src_path='/Users/huawang/Documents/agenttest/.opencowork/search/search.sqlite-shm', dest_path='', event_type='created', is_directory=False, is_synthetic=False)
2026-02-06 11:04:45 - fsevents - DEBUG - queue_event FileDeletedEvent(src_path='/Users/huawang/Documents/test/.opencowork/search/search.sqlite-wal', dest_path='', event_type='deleted', is_directory=False, is_synthetic=False)
2026-02-06 11:04:45 - fsevents - DEBUG - queue_event DirModifiedEvent(src_path='/Users/huawang/Documents/agenttest/.opencowork/search', dest_path='', event_type='modified', is_directory=True, is_synthetic=False)
2026-02-06 11:04:45 - fsevents - DEBUG - queue_event DirModifiedEvent(src_path='/Users/huawang/Documents/test/.opencowork/search', dest_path='', event_type='modified', is_directory=True, is_synthetic=False)
2026-02-06 11:04:45 - fsevents - DEBUG - queue_event FileModifiedEvent(src_path='/Users/huawang/Documents/agenttest/.opencowork/search/search.sqlite-shm', dest_path='', event_type='modified', is_directory=False, is_synthetic=False)
2026-02-06 11:04:45 - fsevents - DEBUG - queue_event FileDeletedEvent(src_path='/Users/huawang/Documents/agenttest/.opencowork/search/search.sqlite-shm', dest_path='', event_type='deleted', is_directory=False, is_synthetic=False)
2026-02-06 11:04:45 - fsevents - DEBUG - queue_event DirModifiedEvent(src_path='/Users/huawang/Documents/agenttest/.opencowork/search', dest_path='', event_type='modified', is_directory=True, is_synthetic=False)
2026-02-06 11:04:45 - fsevents - DEBUG - queue_event FileCreatedEvent(src_path='/Users/huawang/Documents/test/.opencowork/search/search.sqlite-wal', dest_path='', event_type='created', is_directory=False, is_synthetic=False)
2026-02-06 11:04:45 - fsevents - DEBUG - queue_event FileCreatedEvent(src_path='/Users/huawang/Documents/agenttest/.opencowork/search/search.sqlite-wal', dest_path='', event_type='created', is_directory=False, is_synthetic=False)
2026-02-06 11:04:45 - fsevents - DEBUG - queue_event DirModifiedEvent(src_path='/Users/huawang/Documents/test/.opencowork/search', dest_path='', event_type='modified', is_directory=True, is_synthetic=False)
2026-02-06 11:04:45 - fsevents - DEBUG - queue_event DirModifiedEvent(src_path='/Users/huawang/Documents/agenttest/.opencowork/search', dest_path='', event_type='modified', is_directory=True, is_synthetic=False)
2026-02-06 11:04:45 - fsevents - DEBUG - queue_event FileModifiedEvent(src_path='/Users/huawang/Documents/test/.opencowork/search/search.sqlite-wal', dest_path='', event_type='modified', is_directory=False, is_synthetic=False)
2026-02-06 11:04:45 - fsevents - DEBUG - queue_event FileModifiedEvent(src_path='/Users/huawang/Documents/agenttest/.opencowork/search/search.sqlite-wal', dest_path='', event_type='modified', is_directory=False, is_synthetic=False)
2026-02-06 11:04:45 - fsevents - DEBUG - queue_event FileDeletedEvent(src_path='/Users/huawang/Documents/test/.opencowork/search/search.sqlite-wal', dest_path='', event_type='deleted', is_directory=False, is_synthetic=False)
2026-02-06 11:04:45 - fsevents - DEBUG - queue_event FileDeletedEvent(src_path='/Users/huawang/Documents/agenttest/.opencowork/search/search.sqlite-wal', dest_path='', event_type='deleted', is_directory=False, is_synthetic=False)
2026-02-06 11:04:45 - fsevents - DEBUG - queue_event DirModifiedEvent(src_path='/Users/huawang/Documents/test/.opencowork/search', dest_path='', event_type='modified', is_directory=True, is_synthetic=False)
2026-02-06 11:04:45 - fsevents - DEBUG - queue_event DirModifiedEvent(src_path='/Users/huawang/Documents/agenttest/.opencowork/search', dest_path='', event_type='modified', is_directory=True, is_synthetic=False)
2026-02-06 11:04:45 - fsevents - DEBUG - queue_event FileCreatedEvent(src_path='/Users/huawang/Documents/test/.opencowork/search/search.sqlite-shm', dest_path='', event_type='created', is_directory=False, is_synthetic=False)
2026-02-06 11:04:45 - fsevents - DEBUG - queue_event FileCreatedEvent(src_path='/Users/huawang/Documents/agenttest/.opencowork/search/search.sqlite-wal', dest_path='', event_type='created', is_directory=False, is_synthetic=False)
2026-02-06 11:04:45 - fsevents - DEBUG - queue_event DirModifiedEvent(src_path='/Users/huawang/Documents/test/.opencowork/search', dest_path='', event_type='modified', is_directory=True, is_synthetic=False)
2026-02-06 11:04:45 - fsevents - DEBUG - queue_event DirModifiedEvent(src_path='/Users/huawang/Documents/agenttest/.opencowork/search', dest_path='', event_type='modified', is_directory=True, is_synthetic=False)
2026-02-06 11:04:45 - fsevents - DEBUG - queue_event FileModifiedEvent(src_path='/Users/huawang/Documents/test/.opencowork/search/search.sqlite-shm', dest_path='', event_type='modified', is_directory=False, is_synthetic=False)
2026-02-06 11:04:45 - fsevents - DEBUG - queue_event FileModifiedEvent(src_path='/Users/huawang/Documents/agenttest/.opencowork/search/search.sqlite-wal', dest_path='', event_type='modified', is_directory=False, is_synthetic=False)
2026-02-06 11:04:45 - fsevents - DEBUG - queue_event FileDeletedEvent(src_path='/Users/huawang/Documents/test/.opencowork/search/search.sqlite-shm', dest_path='', event_type='deleted', is_directory=False, is_synthetic=False)
2026-02-06 11:04:45 - fsevents - DEBUG - queue_event FileCreatedEvent(src_path='/Users/huawang/Documents/agenttest/.opencowork/search/search.sqlite-shm', dest_path='', event_type='created', is_directory=False, is_synthetic=False)
2026-02-06 11:04:45 - fsevents - DEBUG - queue_event DirModifiedEvent(src_path='/Users/huawang/Documents/test/.opencowork/search', dest_path='', event_type='modified', is_directory=True, is_synthetic=False)
2026-02-06 11:04:45 - fsevents - DEBUG - queue_event DirModifiedEvent(src_path='/Users/huawang/Documents/agenttest/.opencowork/search', dest_path='', event_type='modified', is_directory=True, is_synthetic=False)
2026-02-06 11:04:45 - fsevents - DEBUG - queue_event FileModifiedEvent(src_path='/Users/huawang/Documents/agenttest/.opencowork/search/search.sqlite-shm', dest_path='', event_type='modified', is_directory=False, is_synthetic=False)
2026-02-06 11:04:45 - fsevents - DEBUG - queue_event FileDeletedEvent(src_path='/Users/huawang/Documents/agenttest/.opencowork/search/search.sqlite-shm', dest_path='', event_type='deleted', is_directory=False, is_synthetic=False)
2026-02-06 11:04:45 - fsevents - DEBUG - queue_event DirModifiedEvent(src_path='/Users/huawang/Documents/agenttest/.opencowork/search', dest_path='', event_type='modified', is_directory=True, is_synthetic=False)
2026-02-06 11:04:45 - fsevents - DEBUG - NativeEvent(path="/Users/huawang/Documents/designweb/.opencowork/search/search.sqlite-shm", inode=31377962, flags=19700, id=159161323): is_coalesced, is_created, is_file, is_inode_meta_mod, is_modified, is_removed, is_xattr_mod
2026-02-06 11:04:45 - fsevents - DEBUG - NativeEvent(path="/Users/huawang/Documents/designweb/.opencowork/search/search.sqlite-wal", inode=31377961, flags=18300, id=159161326): is_coalesced, is_created, is_file, is_removed, is_xattr_mod
2026-02-06 11:04:45 - fsevents - DEBUG - NativeEvent(path="/Users/huawang/Documents/designweb/.opencowork/search/search.sqlite-wal", inode=31377963, flags=18100, id=159161332): is_created, is_file, is_xattr_mod
2026-02-06 11:04:45 - fsevents - DEBUG - NativeEvent(path="/Users/huawang/Documents/designweb/.opencowork/search/search.sqlite-shm", inode=31377964, flags=18500, id=159161341): is_created, is_file, is_inode_meta_mod, is_xattr_mod
2026-02-06 11:04:45 - fsevents - DEBUG - queue_event FileCreatedEvent(src_path='/Users/huawang/Documents/designweb/.opencowork/search/search.sqlite-shm', dest_path='', event_type='created', is_directory=False, is_synthetic=False)
2026-02-06 11:04:45 - fsevents - DEBUG - queue_event DirModifiedEvent(src_path='/Users/huawang/Documents/designweb/.opencowork/search', dest_path='', event_type='modified', is_directory=True, is_synthetic=False)
2026-02-06 11:04:45 - fsevents - DEBUG - queue_event FileModifiedEvent(src_path='/Users/huawang/Documents/designweb/.opencowork/search/search.sqlite-shm', dest_path='', event_type='modified', is_directory=False, is_synthetic=False)
2026-02-06 11:04:45 - fsevents - DEBUG - queue_event FileDeletedEvent(src_path='/Users/huawang/Documents/designweb/.opencowork/search/search.sqlite-shm', dest_path='', event_type='deleted', is_directory=False, is_synthetic=False)
2026-02-06 11:04:45 - fsevents - DEBUG - queue_event DirModifiedEvent(src_path='/Users/huawang/Documents/designweb/.opencowork/search', dest_path='', event_type='modified', is_directory=True, is_synthetic=False)
2026-02-06 11:04:45 - fsevents - DEBUG - queue_event FileCreatedEvent(src_path='/Users/huawang/Documents/designweb/.opencowork/search/search.sqlite-wal', dest_path='', event_type='created', is_directory=False, is_synthetic=False)
2026-02-06 11:04:45 - fsevents - DEBUG - queue_event DirModifiedEvent(src_path='/Users/huawang/Documents/designweb/.opencowork/search', dest_path='', event_type='modified', is_directory=True, is_synthetic=False)
2026-02-06 11:04:45 - fsevents - DEBUG - queue_event FileModifiedEvent(src_path='/Users/huawang/Documents/designweb/.opencowork/search/search.sqlite-wal', dest_path='', event_type='modified', is_directory=False, is_synthetic=False)
2026-02-06 11:04:45 - fsevents - DEBUG - queue_event FileDeletedEvent(src_path='/Users/huawang/Documents/designweb/.opencowork/search/search.sqlite-wal', dest_path='', event_type='deleted', is_directory=False, is_synthetic=False)
2026-02-06 11:04:45 - fsevents - DEBUG - queue_event DirModifiedEvent(src_path='/Users/huawang/Documents/designweb/.opencowork/search', dest_path='', event_type='modified', is_directory=True, is_synthetic=False)
2026-02-06 11:04:45 - fsevents - DEBUG - queue_event FileCreatedEvent(src_path='/Users/huawang/Documents/designweb/.opencowork/search/search.sqlite-wal', dest_path='', event_type='created', is_directory=False, is_synthetic=False)
2026-02-06 11:04:45 - fsevents - DEBUG - queue_event DirModifiedEvent(src_path='/Users/huawang/Documents/designweb/.opencowork/search', dest_path='', event_type='modified', is_directory=True, is_synthetic=False)
2026-02-06 11:04:45 - fsevents - DEBUG - queue_event FileModifiedEvent(src_path='/Users/huawang/Documents/designweb/.opencowork/search/search.sqlite-wal', dest_path='', event_type='modified', is_directory=False, is_synthetic=False)
2026-02-06 11:04:45 - fsevents - DEBUG - queue_event FileCreatedEvent(src_path='/Users/huawang/Documents/designweb/.opencowork/search/search.sqlite-shm', dest_path='', event_type='created', is_directory=False, is_synthetic=False)
2026-02-06 11:04:45 - fsevents - DEBUG - queue_event DirModifiedEvent(src_path='/Users/huawang/Documents/designweb/.opencowork/search', dest_path='', event_type='modified', is_directory=True, is_synthetic=False)
2026-02-06 11:04:45 - fsevents - DEBUG - queue_event FileModifiedEvent(src_path='/Users/huawang/Documents/designweb/.opencowork/search/search.sqlite-shm', dest_path='', event_type='modified', is_directory=False, is_synthetic=False)
2026-02-06 11:04:45 - fsevents - DEBUG - NativeEvent(path="/Users/huawang/Documents/agenttest/.opencowork/search/search.sqlite-shm", inode=31377960, flags=19700, id=159161299): is_coalesced, is_created, is_file, is_inode_meta_mod, is_modified, is_removed, is_xattr_mod
2026-02-06 11:04:45 - fsevents - DEBUG - NativeEvent(path="/Users/huawang/Documents/agenttest/.opencowork/search/search.sqlite-wal", inode=31377959, flags=18300, id=159161302): is_coalesced, is_created, is_file, is_removed, is_xattr_mod
2026-02-06 11:04:45 - fsevents - DEBUG - queue_event FileCreatedEvent(src_path='/Users/huawang/Documents/agenttest/.opencowork/search/search.sqlite-shm', dest_path='', event_type='created', is_directory=False, is_synthetic=False)
2026-02-06 11:04:45 - fsevents - DEBUG - queue_event DirModifiedEvent(src_path='/Users/huawang/Documents/agenttest/.opencowork/search', dest_path='', event_type='modified', is_directory=True, is_synthetic=False)
2026-02-06 11:04:45 - fsevents - DEBUG - queue_event FileModifiedEvent(src_path='/Users/huawang/Documents/agenttest/.opencowork/search/search.sqlite-shm', dest_path='', event_type='modified', is_directory=False, is_synthetic=False)
2026-02-06 11:04:45 - fsevents - DEBUG - queue_event FileDeletedEvent(src_path='/Users/huawang/Documents/agenttest/.opencowork/search/search.sqlite-shm', dest_path='', event_type='deleted', is_directory=False, is_synthetic=False)
2026-02-06 11:04:45 - fsevents - DEBUG - queue_event DirModifiedEvent(src_path='/Users/huawang/Documents/agenttest/.opencowork/search', dest_path='', event_type='modified', is_directory=True, is_synthetic=False)
2026-02-06 11:04:45 - fsevents - DEBUG - queue_event FileModifiedEvent(src_path='/Users/huawang/Documents/agenttest/.opencowork/search/search.sqlite-wal', dest_path='', event_type='modified', is_directory=False, is_synthetic=False)
2026-02-06 11:04:45 - fsevents - DEBUG - queue_event FileDeletedEvent(src_path='/Users/huawang/Documents/agenttest/.opencowork/search/search.sqlite-wal', dest_path='', event_type='deleted', is_directory=False, is_synthetic=False)
2026-02-06 11:04:45 - fsevents - DEBUG - queue_event DirModifiedEvent(src_path='/Users/huawang/Documents/agenttest/.opencowork/search', dest_path='', event_type='modified', is_directory=True, is_synthetic=False)
2026-02-06 11:04:45 - fsevents - DEBUG - NativeEvent(path="/Users/huawang/Documents/designweb/.opencowork/search/search.sqlite-shm", inode=31377964, flags=19700, id=159161347): is_coalesced, is_created, is_file, is_inode_meta_mod, is_modified, is_removed, is_xattr_mod
2026-02-06 11:04:45 - fsevents - DEBUG - NativeEvent(path="/Users/huawang/Documents/designweb/.opencowork/search/search.sqlite-wal", inode=31377963, flags=18300, id=159161350): is_coalesced, is_created, is_file, is_removed, is_xattr_mod
2026-02-06 11:04:45 - fsevents - DEBUG - queue_event FileModifiedEvent(src_path='/Users/huawang/Documents/designweb/.opencowork/search/search.sqlite-shm', dest_path='', event_type='modified', is_directory=False, is_synthetic=False)
2026-02-06 11:04:45 - fsevents - DEBUG - queue_event FileDeletedEvent(src_path='/Users/huawang/Documents/designweb/.opencowork/search/search.sqlite-shm', dest_path='', event_type='deleted', is_directory=False, is_synthetic=False)
2026-02-06 11:04:45 - fsevents - DEBUG - queue_event DirModifiedEvent(src_path='/Users/huawang/Documents/designweb/.opencowork/search', dest_path='', event_type='modified', is_directory=True, is_synthetic=False)
2026-02-06 11:04:45 - fsevents - DEBUG - queue_event FileModifiedEvent(src_path='/Users/huawang/Documents/designweb/.opencowork/search/search.sqlite-wal', dest_path='', event_type='modified', is_directory=False, is_synthetic=False)
2026-02-06 11:04:45 - fsevents - DEBUG - queue_event FileDeletedEvent(src_path='/Users/huawang/Documents/designweb/.opencowork/search/search.sqlite-wal', dest_path='', event_type='deleted', is_directory=False, is_synthetic=False)
2026-02-06 11:04:45 - fsevents - DEBUG - queue_event DirModifiedEvent(src_path='/Users/huawang/Documents/designweb/.opencowork/search', dest_path='', event_type='modified', is_directory=True, is_synthetic=False)
2026-02-06 11:04:45 - httpcore.connection - DEBUG - connect_tcp.started host='127.0.0.1' port=18317 local_address=None timeout=5.0 socket_options=None
2026-02-06 11:04:45 - httpcore.connection - DEBUG - connect_tcp.complete return_value=<httpcore._backends.sync.SyncStream object at 0x11a659fd0>
2026-02-06 11:04:45 - httpcore.http11 - DEBUG - send_request_headers.started request=<Request [b'GET']>
2026-02-06 11:04:45 - httpcore.http11 - DEBUG - send_request_headers.complete
2026-02-06 11:04:45 - httpcore.http11 - DEBUG - send_request_body.started request=<Request [b'GET']>
2026-02-06 11:04:45 - httpcore.http11 - DEBUG - send_request_body.complete
2026-02-06 11:04:45 - httpcore.http11 - DEBUG - receive_response_headers.started request=<Request [b'GET']>
2026-02-06 11:04:45 - httpcore.http11 - DEBUG - receive_response_headers.complete return_value=(b'HTTP/1.1', 200, b'OK', [(b'Access-Control-Allow-Headers', b'*'), (b'Access-Control-Allow-Methods', b'GET, POST, PUT, PATCH, DELETE, OPTIONS'), (b'Access-Control-Allow-Origin', b'*'), (b'Content-Type', b'application/json; charset=utf-8'), (b'X-Cpa-Build-Date', b'2026-02-05T11:49:17Z'), (b'X-Cpa-Commit', b'f7d82fd'), (b'X-Cpa-Version', b'6.7.48'), (b'Date', b'Fri, 06 Feb 2026 16:04:45 GMT'), (b'Content-Length', b'15')])
2026-02-06 11:04:45 - httpx - INFO - HTTP Request: GET http://127.0.0.1:18317/v0/management/get-auth-status "HTTP/1.1 200 OK"
2026-02-06 11:04:45 - httpcore.http11 - DEBUG - receive_response_body.started request=<Request [b'GET']>
2026-02-06 11:04:45 - httpcore.http11 - DEBUG - receive_response_body.complete
2026-02-06 11:04:45 - httpcore.http11 - DEBUG - response_closed.started
2026-02-06 11:04:45 - httpcore.http11 - DEBUG - response_closed.complete
2026-02-06 11:04:45 - httpcore.connection - DEBUG - close.started
2026-02-06 11:04:45 - httpcore.connection - DEBUG - close.complete
2026-02-06 11:04:45 - root - INFO - [Lifespan] CLIProxyAPI sidecar started
2026-02-06 11:04:45 - routers.agent - INFO - [Multiplexed] WebSocket connection accepted
2026-02-06 11:04:45 - routers.agent - INFO - [Multiplexed] WebSocket connection accepted
2026-02-06 11:04:45 - routers.files - INFO - [FileWatch WS] Client connected
2026-02-06 11:04:45 - core.file_watcher - INFO - [FileWatcher] Client registered. Total clients: 1
2026-02-06 11:04:45 - routers.files - INFO - [FileWatch WS] Client connected
2026-02-06 11:04:45 - core.file_watcher - INFO - [FileWatcher] Client registered. Total clients: 2
2026-02-06 11:16:04 - routers.agent - INFO - [Multiplexed] WebSocket connection accepted
2026-02-06 11:16:04 - routers.files - INFO - [FileWatch WS] Client connected
2026-02-06 11:16:04 - core.file_watcher - INFO - [FileWatcher] Client registered. Total clients: 3
2026-02-06 11:16:04 - core.file_watcher - INFO - [FileWatcher] Client unregistered. Total clients: 2
2026-02-06 11:16:04 - routers.files - INFO - [FileWatch WS] Client cleanup complete
2026-02-06 11:16:04 - routers.files - INFO - [FileWatch WS] Client connected
2026-02-06 11:16:04 - core.file_watcher - INFO - [FileWatcher] Client registered. Total clients: 3
2026-02-06 11:16:04 - routers.terminal - INFO - Terminal session started with PID 10923
2026-02-06 11:16:04 - routers.terminal - INFO - WebSocket disconnected
2026-02-06 11:16:04 - routers.terminal - INFO - Closing terminal session 10923
2026-02-06 11:16:04 - routers.terminal - INFO - Terminal session started with PID 10924
2026-02-06 11:17:14 - core.workspace_storage - DEBUG - Ensured Claude SDK directories at /Users/huawang/pyproject/design/.claude
2026-02-06 11:17:14 - core.workspace_storage - INFO - Initialized workspace: design at /Users/huawang/pyproject/design
2026-02-06 11:17:14 - core.workspace_storage - INFO - Initialized search index at /Users/huawang/pyproject/design/.opencowork/search/search.sqlite
2026-02-06 11:17:14 - core.workspace_storage - DEBUG - [WorkspaceManager] Adding workspace 8f806abb-d5ed-44a5-ba85-0ab29b329abc to recent. Current count: 4
2026-02-06 11:17:14 - core.workspace_storage - INFO - [WorkspaceManager] Added workspace design (8f806abb-d5ed-44a5-ba85-0ab29b329abc) to recent. Total: 5
2026-02-06 11:17:14 - core.file_watcher - INFO - [FileWatcher] Client unregistered. Total clients: 2
2026-02-06 11:17:14 - routers.files - INFO - [FileWatch WS] Client cleanup complete
2026-02-06 11:17:14 - routers.files - INFO - [FileWatch WS] Client connected
2026-02-06 11:17:14 - core.file_watcher - INFO - [FileWatcher] Client registered. Total clients: 3
2026-02-06 11:18:35 - core.workspace_storage - DEBUG - [WorkspaceManager] Adding workspace 2806a6d2-2e1e-43fa-9695-86d9db8ed417 to recent. Current count: 5
2026-02-06 11:18:35 - core.workspace_storage - INFO - [WorkspaceManager] Added workspace agenttest (2806a6d2-2e1e-43fa-9695-86d9db8ed417) to recent. Total: 5
2026-02-06 11:18:35 - fsevents - DEBUG - NativeEvent(path="/Users/huawang/Documents/agenttest/.opencowork/workspace.json", inode=30269678, flags=11400, id=159197032): is_file, is_inode_meta_mod, is_modified
2026-02-06 11:18:35 - fsevents - DEBUG - queue_event FileModifiedEvent(src_path='/Users/huawang/Documents/agenttest/.opencowork/workspace.json', dest_path='', event_type='modified', is_directory=False, is_synthetic=False)
2026-02-06 11:18:35 - core.file_watcher - INFO - [FileWatcher] Client unregistered. Total clients: 2
2026-02-06 11:18:35 - routers.files - INFO - [FileWatch WS] Client cleanup complete
2026-02-06 11:18:35 - routers.files - INFO - [FileWatch WS] Client connected
2026-02-06 11:18:35 - core.file_watcher - INFO - [FileWatcher] Client registered. Total clients: 3
2026-02-06 11:18:36 - core.file_watcher - DEBUG - [FileWatcher] Broadcasting to 3 clients: file_change
2026-02-06 11:19:36 - urllib3.connectionpool - DEBUG - Starting new HTTP connection (1): 127.0.0.1:39289
2026-02-06 11:19:36 - fsevents - DEBUG - NativeEvent(path="/Users/huawang/Documents/agenttest/.opencowork/search/search.sqlite-shm", inode=31380657, flags=19700, id=159246686): is_coalesced, is_created, is_file, is_inode_meta_mod, is_modified, is_removed, is_xattr_mod
2026-02-06 11:19:36 - fsevents - DEBUG - NativeEvent(path="/Users/huawang/Documents/agenttest/.opencowork/search/search.sqlite-wal", inode=31380656, flags=19300, id=159246692): is_coalesced, is_created, is_file, is_modified, is_removed, is_xattr_mod
2026-02-06 11:19:36 - fsevents - DEBUG - NativeEvent(path="/Users/huawang/Documents/agenttest/.opencowork/search/search.sqlite", inode=30846889, flags=11400, id=159246695): is_file, is_inode_meta_mod, is_modified
2026-02-06 11:19:36 - fsevents - DEBUG - NativeEvent(path="/Users/huawang/Documents/agenttest/.opencowork/search/search.sqlite-wal", inode=31380658, flags=18100, id=159246713): is_created, is_file, is_xattr_mod
2026-02-06 11:19:36 - fsevents - DEBUG - NativeEvent(path="/Users/huawang/Documents/agenttest/.opencowork/search/search.sqlite-shm", inode=31380659, flags=18500, id=159246722): is_created, is_file, is_inode_meta_mod, is_xattr_mod
2026-02-06 11:19:36 - fsevents - DEBUG - queue_event FileCreatedEvent(src_path='/Users/huawang/Documents/agenttest/.opencowork/search/search.sqlite-shm', dest_path='', event_type='created', is_directory=False, is_synthetic=False)
2026-02-06 11:19:36 - fsevents - DEBUG - queue_event DirModifiedEvent(src_path='/Users/huawang/Documents/agenttest/.opencowork/search', dest_path='', event_type='modified', is_directory=True, is_synthetic=False)
2026-02-06 11:19:36 - urllib3.connectionpool - DEBUG - http://127.0.0.1:39289 "GET /health HTTP/1.1" 200 15
2026-02-06 11:19:36 - fsevents - DEBUG - queue_event FileModifiedEvent(src_path='/Users/huawang/Documents/agenttest/.opencowork/search/search.sqlite-shm', dest_path='', event_type='modified', is_directory=False, is_synthetic=False)
2026-02-06 11:19:36 - fsevents - DEBUG - queue_event FileDeletedEvent(src_path='/Users/huawang/Documents/agenttest/.opencowork/search/search.sqlite-shm', dest_path='', event_type='deleted', is_directory=False, is_synthetic=False)
2026-02-06 11:19:36 - fsevents - DEBUG - queue_event DirModifiedEvent(src_path='/Users/huawang/Documents/agenttest/.opencowork/search', dest_path='', event_type='modified', is_directory=True, is_synthetic=False)
2026-02-06 11:19:36 - fsevents - DEBUG - queue_event FileCreatedEvent(src_path='/Users/huawang/Documents/agenttest/.opencowork/search/search.sqlite-wal', dest_path='', event_type='created', is_directory=False, is_synthetic=False)
2026-02-06 11:19:36 - fsevents - DEBUG - queue_event DirModifiedEvent(src_path='/Users/huawang/Documents/agenttest/.opencowork/search', dest_path='', event_type='modified', is_directory=True, is_synthetic=False)
2026-02-06 11:19:36 - fsevents - DEBUG - queue_event FileModifiedEvent(src_path='/Users/huawang/Documents/agenttest/.opencowork/search/search.sqlite-wal', dest_path='', event_type='modified', is_directory=False, is_synthetic=False)
2026-02-06 11:19:36 - fsevents - DEBUG - queue_event FileDeletedEvent(src_path='/Users/huawang/Documents/agenttest/.opencowork/search/search.sqlite-wal', dest_path='', event_type='deleted', is_directory=False, is_synthetic=False)
2026-02-06 11:19:36 - fsevents - DEBUG - queue_event DirModifiedEvent(src_path='/Users/huawang/Documents/agenttest/.opencowork/search', dest_path='', event_type='modified', is_directory=True, is_synthetic=False)
2026-02-06 11:19:36 - fsevents - DEBUG - queue_event FileModifiedEvent(src_path='/Users/huawang/Documents/agenttest/.opencowork/search/search.sqlite', dest_path='', event_type='modified', is_directory=False, is_synthetic=False)
2026-02-06 11:19:36 - fsevents - DEBUG - queue_event FileCreatedEvent(src_path='/Users/huawang/Documents/agenttest/.opencowork/search/search.sqlite-wal', dest_path='', event_type='created', is_directory=False, is_synthetic=False)
2026-02-06 11:19:36 - fsevents - DEBUG - queue_event DirModifiedEvent(src_path='/Users/huawang/Documents/agenttest/.opencowork/search', dest_path='', event_type='modified', is_directory=True, is_synthetic=False)
2026-02-06 11:19:36 - fsevents - DEBUG - queue_event FileModifiedEvent(src_path='/Users/huawang/Documents/agenttest/.opencowork/search/search.sqlite-wal', dest_path='', event_type='modified', is_directory=False, is_synthetic=False)
2026-02-06 11:19:36 - fsevents - DEBUG - queue_event FileCreatedEvent(src_path='/Users/huawang/Documents/agenttest/.opencowork/search/search.sqlite-shm', dest_path='', event_type='created', is_directory=False, is_synthetic=False)
2026-02-06 11:19:36 - fsevents - DEBUG - queue_event DirModifiedEvent(src_path='/Users/huawang/Documents/agenttest/.opencowork/search', dest_path='', event_type='modified', is_directory=True, is_synthetic=False)
2026-02-06 11:19:36 - fsevents - DEBUG - queue_event FileModifiedEvent(src_path='/Users/huawang/Documents/agenttest/.opencowork/search/search.sqlite-shm', dest_path='', event_type='modified', is_directory=False, is_synthetic=False)
2026-02-06 11:19:36 - fsevents - DEBUG - NativeEvent(path="/Users/huawang/Documents/agenttest/.opencowork/search/search.sqlite-wal", inode=31380658, flags=19100, id=159246749): is_created, is_file, is_modified, is_xattr_mod
2026-02-06 11:19:36 - fsevents - DEBUG - queue_event FileModifiedEvent(src_path='/Users/huawang/Documents/agenttest/.opencowork/search/search.sqlite-wal', dest_path='', event_type='modified', is_directory=False, is_synthetic=False)
2026-02-06 11:19:36 - fsevents - DEBUG - NativeEvent(path="/Users/huawang/Documents/agenttest/.opencowork/search/search.sqlite-shm", inode=31380659, flags=19700, id=159246866): is_coalesced, is_created, is_file, is_inode_meta_mod, is_modified, is_removed, is_xattr_mod
2026-02-06 11:19:36 - fsevents - DEBUG - NativeEvent(path="/Users/huawang/Documents/agenttest/.opencowork/search/search.sqlite-wal", inode=31380658, flags=19300, id=159246872): is_coalesced, is_created, is_file, is_modified, is_removed, is_xattr_mod
2026-02-06 11:19:36 - fsevents - DEBUG - NativeEvent(path="/Users/huawang/Documents/agenttest/.opencowork/search/search.sqlite", inode=30846889, flags=11400, id=159246875): is_file, is_inode_meta_mod, is_modified
2026-02-06 11:19:36 - fsevents - DEBUG - NativeEvent(path="/Users/huawang/Documents/agenttest/.opencowork/search/search.sqlite-wal", inode=31380660, flags=18100, id=159246885): is_created, is_file, is_xattr_mod
2026-02-06 11:19:36 - fsevents - DEBUG - queue_event FileModifiedEvent(src_path='/Users/huawang/Documents/agenttest/.opencowork/search/search.sqlite-shm', dest_path='', event_type='modified', is_directory=False, is_synthetic=False)
2026-02-06 11:19:36 - fsevents - DEBUG - queue_event FileDeletedEvent(src_path='/Users/huawang/Documents/agenttest/.opencowork/search/search.sqlite-shm', dest_path='', event_type='deleted', is_directory=False, is_synthetic=False)
2026-02-06 11:19:36 - fsevents - DEBUG - queue_event DirModifiedEvent(src_path='/Users/huawang/Documents/agenttest/.opencowork/search', dest_path='', event_type='modified', is_directory=True, is_synthetic=False)
2026-02-06 11:19:36 - fsevents - DEBUG - queue_event FileModifiedEvent(src_path='/Users/huawang/Documents/agenttest/.opencowork/search/search.sqlite-wal', dest_path='', event_type='modified', is_directory=False, is_synthetic=False)
2026-02-06 11:19:36 - fsevents - DEBUG - queue_event FileDeletedEvent(src_path='/Users/huawang/Documents/agenttest/.opencowork/search/search.sqlite-wal', dest_path='', event_type='deleted', is_directory=False, is_synthetic=False)
2026-02-06 11:19:36 - fsevents - DEBUG - queue_event DirModifiedEvent(src_path='/Users/huawang/Documents/agenttest/.opencowork/search', dest_path='', event_type='modified', is_directory=True, is_synthetic=False)
2026-02-06 11:19:36 - fsevents - DEBUG - queue_event FileModifiedEvent(src_path='/Users/huawang/Documents/agenttest/.opencowork/search/search.sqlite', dest_path='', event_type='modified', is_directory=False, is_synthetic=False)
2026-02-06 11:19:36 - fsevents - DEBUG - queue_event FileCreatedEvent(src_path='/Users/huawang/Documents/agenttest/.opencowork/search/search.sqlite-wal', dest_path='', event_type='created', is_directory=False, is_synthetic=False)
2026-02-06 11:19:36 - fsevents - DEBUG - queue_event DirModifiedEvent(src_path='/Users/huawang/Documents/agenttest/.opencowork/search', dest_path='', event_type='modified', is_directory=True, is_synthetic=False)
2026-02-06 11:19:36 - fsevents - DEBUG - queue_event FileModifiedEvent(src_path='/Users/huawang/Documents/agenttest/.opencowork/search/search.sqlite-wal', dest_path='', event_type='modified', is_directory=False, is_synthetic=False)
2026-02-06 11:19:36 - urllib3.connectionpool - DEBUG - Starting new HTTP connection (1): 127.0.0.1:39289
2026-02-06 11:19:36 - urllib3.connectionpool - DEBUG - http://127.0.0.1:39289 "GET /health HTTP/1.1" 200 15
2026-02-06 11:19:37 - fsevents - DEBUG - NativeEvent(path="/Users/huawang/Documents/agenttest/.opencowork/search/search.sqlite-shm", inode=31380661, flags=18500, id=159246898): is_created, is_file, is_inode_meta_mod, is_xattr_mod
2026-02-06 11:19:37 - fsevents - DEBUG - queue_event FileCreatedEvent(src_path='/Users/huawang/Documents/agenttest/.opencowork/search/search.sqlite-shm', dest_path='', event_type='created', is_directory=False, is_synthetic=False)
2026-02-06 11:19:37 - fsevents - DEBUG - queue_event DirModifiedEvent(src_path='/Users/huawang/Documents/agenttest/.opencowork/search', dest_path='', event_type='modified', is_directory=True, is_synthetic=False)
2026-02-06 11:19:37 - fsevents - DEBUG - queue_event FileModifiedEvent(src_path='/Users/huawang/Documents/agenttest/.opencowork/search/search.sqlite-shm', dest_path='', event_type='modified', is_directory=False, is_synthetic=False)
2026-02-06 11:19:37 - urllib3.connectionpool - DEBUG - Starting new HTTP connection (1): 127.0.0.1:39289
2026-02-06 11:19:37 - urllib3.connectionpool - DEBUG - http://127.0.0.1:39289 "POST /v1/embeddings HTTP/1.1" 200 16455
2026-02-06 11:19:37 - fsevents - DEBUG - NativeEvent(path="/Users/huawang/Documents/agenttest/.opencowork/search/search.sqlite-shm", inode=31380661, flags=19700, id=159247143): is_coalesced, is_created, is_file, is_inode_meta_mod, is_modified, is_removed, is_xattr_mod
2026-02-06 11:19:37 - fsevents - DEBUG - NativeEvent(path="/Users/huawang/Documents/agenttest/.opencowork/search/search.sqlite-wal", inode=31380660, flags=19300, id=159247149): is_coalesced, is_created, is_file, is_modified, is_removed, is_xattr_mod
2026-02-06 11:19:37 - fsevents - DEBUG - NativeEvent(path="/Users/huawang/Documents/agenttest/.opencowork/search/search.sqlite", inode=30846889, flags=11400, id=159247152): is_file, is_inode_meta_mod, is_modified
2026-02-06 11:19:37 - fsevents - DEBUG - queue_event FileModifiedEvent(src_path='/Users/huawang/Documents/agenttest/.opencowork/search/search.sqlite-shm', dest_path='', event_type='modified', is_directory=False, is_synthetic=False)
2026-02-06 11:19:37 - fsevents - DEBUG - queue_event FileDeletedEvent(src_path='/Users/huawang/Documents/agenttest/.opencowork/search/search.sqlite-shm', dest_path='', event_type='deleted', is_directory=False, is_synthetic=False)
2026-02-06 11:19:37 - fsevents - DEBUG - queue_event DirModifiedEvent(src_path='/Users/huawang/Documents/agenttest/.opencowork/search', dest_path='', event_type='modified', is_directory=True, is_synthetic=False)
2026-02-06 11:19:37 - fsevents - DEBUG - queue_event FileModifiedEvent(src_path='/Users/huawang/Documents/agenttest/.opencowork/search/search.sqlite-wal', dest_path='', event_type='modified', is_directory=False, is_synthetic=False)
2026-02-06 11:19:37 - fsevents - DEBUG - queue_event FileDeletedEvent(src_path='/Users/huawang/Documents/agenttest/.opencowork/search/search.sqlite-wal', dest_path='', event_type='deleted', is_directory=False, is_synthetic=False)
2026-02-06 11:19:37 - fsevents - DEBUG - queue_event DirModifiedEvent(src_path='/Users/huawang/Documents/agenttest/.opencowork/search', dest_path='', event_type='modified', is_directory=True, is_synthetic=False)
2026-02-06 11:19:37 - fsevents - DEBUG - queue_event FileModifiedEvent(src_path='/Users/huawang/Documents/agenttest/.opencowork/search/search.sqlite', dest_path='', event_type='modified', is_directory=False, is_synthetic=False)
2026-02-06 11:19:54 - core.workspace_storage - DEBUG - [WorkspaceManager] Adding workspace 8f806abb-d5ed-44a5-ba85-0ab29b329abc to recent. Current count: 5
2026-02-06 11:19:54 - core.workspace_storage - INFO - [WorkspaceManager] Added workspace design (8f806abb-d5ed-44a5-ba85-0ab29b329abc) to recent. Total: 5
2026-02-06 11:19:54 - core.file_watcher - INFO - [FileWatcher] Client unregistered. Total clients: 2
2026-02-06 11:19:54 - routers.files - INFO - [FileWatch WS] Client cleanup complete
2026-02-06 11:19:54 - routers.files - INFO - [FileWatch WS] Client connected
2026-02-06 11:19:54 - core.file_watcher - INFO - [FileWatcher] Client registered. Total clients: 3
2026-02-06 11:23:07 - routers.agent - INFO - [Multiplexed] WebSocket connection accepted
2026-02-06 11:23:08 - routers.files - INFO - [FileWatch WS] Client connected
2026-02-06 11:23:08 - core.file_watcher - INFO - [FileWatcher] Client registered. Total clients: 4
2026-02-06 11:23:08 - core.file_watcher - INFO - [FileWatcher] Client unregistered. Total clients: 3
2026-02-06 11:23:08 - routers.files - INFO - [FileWatch WS] Client cleanup complete
2026-02-06 11:23:08 - routers.files - INFO - [FileWatch WS] Client connected
2026-02-06 11:23:08 - core.file_watcher - INFO - [FileWatcher] Client registered. Total clients: 4
2026-02-06 11:23:08 - routers.terminal - INFO - Terminal session started with PID 12190
2026-02-06 11:23:08 - routers.terminal - INFO - WebSocket disconnected
2026-02-06 11:23:08 - routers.terminal - INFO - Closing terminal session 12190
2026-02-06 11:23:08 - routers.terminal - INFO - Terminal session started with PID 12191
2026-02-06 11:39:31 - routers.agent - INFO - [Multiplexed] WebSocket disconnected by client
2026-02-06 11:39:31 - routers.agent - INFO - [Multiplexed] WebSocket closed, subscriptions cancelled
2026-02-06 11:39:31 - core.file_watcher - INFO - [FileWatcher] Client unregistered. Total clients: 3
2026-02-06 11:39:31 - routers.files - INFO - [FileWatch WS] Client cleanup complete
2026-02-06 11:39:31 - routers.terminal - INFO - WebSocket disconnected
2026-02-06 11:39:31 - routers.terminal - INFO - Closing terminal session 12191
2026-02-06 11:39:31 - routers.agent - INFO - [Multiplexed] WebSocket connection accepted
2026-02-06 11:39:31 - routers.files - INFO - [FileWatch WS] Client connected
2026-02-06 11:39:31 - core.file_watcher - INFO - [FileWatcher] Client registered. Total clients: 4
2026-02-06 11:39:31 - core.file_watcher - INFO - [FileWatcher] Client unregistered. Total clients: 3
2026-02-06 11:39:31 - routers.files - INFO - [FileWatch WS] Client cleanup complete
2026-02-06 11:39:31 - routers.files - INFO - [FileWatch WS] Client connected
2026-02-06 11:39:31 - core.file_watcher - INFO - [FileWatcher] Client registered. Total clients: 4
2026-02-06 11:39:32 - routers.terminal - INFO - Terminal session started with PID 16568
2026-02-06 11:39:32 - routers.terminal - INFO - WebSocket disconnected
2026-02-06 11:39:32 - routers.terminal - INFO - Closing terminal session 16568
2026-02-06 11:39:32 - routers.terminal - INFO - Terminal session started with PID 16569
